-0.00000,-26.00001,-0.00000
-16.23066,-128.47888,-0.00001
-48.56960,-217.28790,-0.00001
-69.92593,-215.20987,-0.00001
-123.01916,-284.28052,-0.00001
-185.51413,-337.44894,-0.00002
-209.41698,-308.14774,-0.00002
-281.36884,-340.11652,-0.00002
-299.29990,-299.29987,-0.00002
-375.27585,-310.45517,-0.00002
-385.04068,-261.67334,-0.00002
-460.13791,-252.96297,-0.00002
-523.60437,-246.38956,-0.00003
-589.84857,-212.35864,-0.00003
-571.28979,-146.68225,-0.00003
-629.09637,-99.63908,-0.00003
-601.05585,-37.81529,-0.00003
-572.53717,17.99267,-0.00003
-542.12903,68.48681,-0.00002
-511.86252,114.41491,-0.00002
-479.37494,155.75838,-0.00002
-513.70416,222.29962,-0.00002
-524.93744,310.44705,-0.00003
-530.05133,385.10501,-0.00003
-521.89856,460.11545,-0.00003
-501.28394,533.81317,-0.00003
-449.74792,619.02502,-0.00003
-366.17444,619.16730,-0.00003
-320.82764,681.79370,-0.00003
-265.65747,737.89185,-0.00003
-201.91901,786.42255,-0.00004
-130.91025,826.53497,-0.00004
-53.96551,857.75812,-0.00004
27.62906,879.17462,-0.00004
103.05490,815.76416,-0.00004
168.54245,754.01581,-0.00003
224.36508,690.52478,-0.00003
301.65555,697.08484,-0.00003
380.44049,692.01868,-0.00003
416.74496,613.22174,-0.00003
444.91315,537.80774,-0.00003
535.41846,502.79147,-0.00003
606.15881,470.18475,-0.00003
672.52826,426.79962,-0.00003
733.27405,373.62152,-0.00004
787.31183,311.71854,-0.00004
840.92175,215.91209,-0.00004
876.55170,138.83218,-0.00004
904.38373,28.42141,-0.00004
918.63092,-57.79540,-0.00004
923.19489,-146.21976,-0.00004
917.57007,-235.59206,-0.00004
831.17328,-299.24048,-0.00004
747.16931,-351.59091,-0.00004
717.07349,-455.06888,-0.00004
628.21674,-487.29465,-0.00003
616.32843,-543.36646,-0.00004
527.22766,-561.44025,-0.00003
489.87585,-631.54401,-0.00003
401.89096,-633.27936,-0.00003
332.59167,-706.79236,-0.00003
248.53973,-690.34473,-0.00003
150.74777,-674.40704,-0.00003
81.79800,-647.49847,-0.00003
19.41427,-617.77527,-0.00003
-36.85629,-585.81403,-0.00003
-87.44296,-552.09314,-0.00002
-132.74506,-517.00793,-0.00002
-188.11154,-475.11557,-0.00002
-222.68224,-437.03848,-0.00002
-252.99049,-398.64926,-0.00002
-279.20050,-359.94312,-0.00002
-301.66711,-321.24286,-0.00002
-377.09073,-332.45023,-0.00002
-451.86993,-328.30267,-0.00002
-533.48474,-293.28574,-0.00003
-531.02106,-229.79332,-0.00003
-524.45825,-170.40681,-0.00002
-587.89545,-131.41016,-0.00003
-643.15118,-81.24889,-0.00003
-689.19641,-21.65885,-0.00003
-649.99780,40.89437,-0.00003
-609.26025,96.49733,-0.00003
-567.46307,145.69977,-0.00003
-524.99487,189.00974,-0.00002
-482.16794,226.89093,-0.00002
-494.68808,313.93857,-0.00003
-500.48904,388.21906,-0.00003
-438.08499,411.38922,-0.00003
-427.84839,485.29852,-0.00003
-386.92249,569.33923,-0.00003
-349.57724,635.87872,-0.00003
-301.50339,696.73303,-0.00003
-243.92392,750.72052,-0.00003
-178.11827,796.85443,-0.00004
-95.97620,759.72870,-0.00003
-22.61870,719.73492,-0.00003
42.62722,677.54163,-0.00003
100.41431,633.99036,-0.00003
170.05507,662.32092,-0.00003
218.96799,608.20746,-0.00003
260.86710,554.37036,-0.00003
296.93036,502.08209,-0.00003
326.73914,449.71774,-0.00002
351.21841,398.37918,-0.00002
370.88770,348.28677,-0.00002
456.29034,331.51419,-0.00002
518.16840,328.83981,-0.00003
586.66968,298.92294,-0.00003
586.53674,211.16632,-0.00003
545.55646,140.07515,-0.00002
501.08081,79.36343,-0.00002
561.58380,35.33186,-0.00002
612.72473,-0.00001,-0.00003
654.63409,-61.88117,-0.00003
582.29706,-111.07887,-0.00003
513.29364,-149.12540,-0.00002
448.39917,-177.53387,-0.00002
393.09222,-184.97502,-0.00002
427.87064,-253.04211,-0.00002
447.77921,-325.33081,-0.00002
465.57260,-385.15533,-0.00003
385.38272,-385.38263,-0.00002
325.37344,-369.06366,-0.00002
336.43140,-433.72464,-0.00002
337.31741,-496.34741,-0.00003
328.94656,-556.21826,-0.00003
264.62515,-519.35608,-0.00003
208.93883,-482.82919,-0.00002
196.32884,-545.32355,-0.00003
175.13095,-602.80487,-0.00003
123.52501,-552.61938,-0.00002
115.37672,-604.82471,-0.00003
62.13598,-657.32764,-0.00003
43.97445,-698.95020,-0.00003
-0.00000,-736.28680,12.85192
-41.69654,-662.74750,11.59116
-75.06857,-594.22894,10.45473
-120.88727,-633.71326,11.26095
-144.69429,-563.54712,10.15580
-194.65828,-599.09656,10.99541
-247.75462,-625.75684,11.74757
-258.49762,-549.33539,10.59724
-314.33881,-571.78021,11.38922
-300.09995,-507.44138,10.29043
-298.96387,-439.91196,9.28408
-343.72540,-473.09738,10.20737
-403.09821,-487.26205,11.03833
-390.49817,-415.83835,9.95718
-363.87894,-363.87891,8.98241
-426.98282,-376.43600,9.93587
-395.66113,-327.31934,8.96322
-374.94119,-272.41068,8.08959
-353.44177,-224.30099,7.30681
-415.59241,-245.78067,8.42782
-481.70590,-245.44138,9.43674
-551.03375,-218.16969,10.34476
-549.22864,-122.76710,9.82339
-610.06830,-57.66843,10.69624
-582.11694,18.29373,10.16589
-550.88080,69.59241,9.69207
-518.23956,115.84035,9.26912
-478.83392,172.39078,8.88324
-510.42441,240.18741,9.84661
-464.28128,274.57513,9.41519
-478.56647,347.69904,10.32537
-408.93857,384.01889,9.79197
-389.57321,470.91293,10.66796
-283.81601,479.90677,9.73206
-258.82214,550.02521,10.61055
-186.33655,517.56958,9.60185
-167.71964,577.29523,10.49336
-118.52790,530.26276,9.48417
-76.76445,484.67178,8.56542
-68.64835,543.40674,9.56058
-31.06576,493.77655,8.63593
0.00005,551.56140,9.62753
15.63323,497.45941,8.68746
52.13781,551.55957,9.67041
78.21986,493.86023,8.72781
104.20231,546.24854,9.70672
124.81455,486.12070,8.76048
140.01540,430.92313,7.90887
138.74329,385.37460,7.14939
146.95662,339.59671,6.45889
151.87198,298.06552,5.83918
145.76605,265.14746,5.28144
146.71808,231.19067,4.77947
207.20517,285.19339,6.15322
195.25148,251.71687,5.56059
190.53020,216.11414,5.02896
258.36435,258.36441,6.37777
240.73746,226.06755,5.76442
310.75055,257.07535,7.03968
379.63687,275.82220,8.19090
446.15552,283.13904,9.22351
410.63708,242.84995,8.32733
383.81512,195.56343,7.51903
357.36340,154.64503,6.79680
331.14276,119.21878,6.14330
302.58298,98.31505,5.55340
278.79587,71.58264,5.02424
356.34509,79.65260,6.37351
325.96158,51.62725,5.76059
296.16806,37.41474,5.21071
269.53668,16.95781,4.71408
349.14651,-0.00000,6.09437
315.57584,-9.91738,5.51111
284.19141,-26.86401,4.98269
256.37454,-32.38753,4.51060
228.43353,-51.06108,4.08571
306.79626,-78.77193,5.52884
272.54663,-88.55581,5.00213
243.98456,-87.83975,4.52635
215.47345,-93.24373,4.09815
282.79550,-144.09155,5.54004
343.27893,-188.71928,6.83773
387.24615,-245.75400,8.00566
419.76953,-304.98056,9.05679
452.80725,-351.23315,10.00281
387.84863,-341.93445,9.02521
330.11221,-330.11215,8.14887
360.24161,-383.61826,9.18568
369.51926,-446.67197,10.11881
384.79550,-496.07526,10.95863
377.22659,-555.07202,11.71446
324.55521,-511.41763,10.57269
313.72882,-570.67059,11.36712
266.76480,-523.55536,10.25658
233.73103,-590.33722,11.08262
194.17535,-539.34204,10.00577
173.53017,-597.29492,10.85689
165.59703,-644.95679,11.62290
112.72667,-590.93268,10.50075
68.17234,-539.64020,9.49431
37.39949,-594.44489,10.39657
-0.00000,-642.14203,11.20862
-54.96178,-581.43494,10.19421
-118.37027,-620.51874,11.02649
-228.58746,-634.92615,11.77903
-343.69403,-625.17712,12.45282
-394.91879,-543.55902,11.72762
-434.67624,-462.88321,11.08367
-522.07599,-431.89880,11.82700
-540.03857,-342.71893,11.16438
-616.84839,-290.26685,11.89964
-610.81921,-198.46719,11.21056
-677.26935,-107.26894,11.96912
-723.42432,0.00003,12.62740
-751.19525,94.89801,13.21636
-679.54712,197.42673,12.35198
-599.15546,281.94104,11.55832
-580.31519,394.38196,12.24721
-537.65997,504.89633,12.87418
-413.46988,533.04224,11.77525
-382.16675,602.19818,12.44942
-294.14230,577.28699,11.30920
-253.78426,640.98572,12.03347
-202.69853,697.69348,12.68182
-165.78281,741.66882,13.26533
-86.16344,682.05280,11.99988
-39.05101,620.69855,10.85574
0.00006,665.81714,11.62187
37.79573,600.74719,10.50680
101.34231,639.84949,11.30782
129.12926,676.92035,12.02873
180.67264,703.67358,12.68105
234.83186,722.73822,13.26464
252.47398,637.67651,11.97134
263.58069,560.13702,10.80562
253.62120,497.75958,9.75124
270.20868,425.78070,8.80229
314.73239,463.11475,9.77376
309.66806,399.22192,8.81907
357.47006,432.10718,9.78886
418.26364,445.40540,10.66516
389.76193,389.76205,9.62134
373.09460,328.92719,8.68189
354.73776,275.16269,7.83639
327.85593,238.20116,7.07369
308.96210,196.07341,6.38727
284.59045,168.30623,5.77123
266.02811,135.54800,5.21156
247.53043,107.11603,4.70785
226.81119,89.80082,4.25801
209.94313,68.21458,3.85315
191.93611,55.76262,3.48878
176.52864,39.45884,3.15735
160.89500,30.69238,2.85907
147.44460,18.62659,2.59411
134.35571,12.70036,2.35564
122.39859,3.84653,2.13753
111.35796,-3.49957,1.94472
101.27122,-6.37145,1.77119
91.79454,-11.59631,1.61501
83.43153,-13.21426,1.47445
177.72244,-39.72578,3.17871
259.26132,-75.32227,4.71253
331.98242,-107.86768,6.09298
390.73312,-154.70226,7.33538
343.30914,-161.54890,6.62278
300.11523,-164.98984,5.97796
356.78915,-211.00462,7.23535
396.29245,-269.31995,8.36351
424.56244,-329.32425,9.37886
454.34659,-375.86838,10.29267
387.81183,-364.17938,9.28609
339.48221,-339.48212,8.38017
286.60602,-325.09064,7.56484
249.39273,-301.46396,6.82930
207.73834,-285.92722,6.16906
179.57596,-264.23798,5.57658
147.07950,-248.69785,5.04336
125.94997,-229.10214,4.56346
100.78049,-214.16916,4.13154
126.73407,-292.86517,5.57009
97.75962,-271.53741,5.03751
102.06139,-351.29770,6.38546
72.10519,-322.58020,5.76960
63.13210,-398.60187,7.04434
45.67304,-361.53970,6.36085
10.34262,-329.10919,5.74745
-0.00000,-297.40839,10.38569
-16.89483,-268.53574,9.39598
-22.93035,-242.57774,8.50873
-50.89260,-321.32324,11.36068
-74.73348,-391.76669,13.92744
-115.63665,-450.37506,16.23752
-146.33652,-503.69363,18.31659
-160.38138,-445.47644,16.53379
-169.74892,-392.26663,14.92578
-164.29852,-349.15210,13.47508
-168.51161,-306.52148,12.21482
-225.49976,-355.33081,14.69616
-213.62498,-314.33963,13.27192
-210.44319,-271.30173,11.99009
-197.86684,-239.17993,10.83994
-192.13454,-204.60251,9.80132
-185.16217,-173.87886,8.87004
-172.52872,-152.10454,8.03190
-247.34950,-191.86392,10.93153
-320.71759,-217.95943,13.54120
-391.66260,-231.62862,15.88991
-360.18411,-198.01291,14.35327
-335.98199,-158.10115,12.96680
-404.01855,-174.83443,15.37294
-374.00168,-134.64894,13.88102
-441.27765,-143.37979,16.20272
-405.82401,-104.19787,14.63131
-471.48874,-105.39017,16.87100
-536.58209,-67.78609,18.88672
-485.79590,-45.92123,17.03993
-440.34705,-13.83845,15.38480
-397.90714,0.00002,13.89517
-358.70636,22.56787,12.55103
-321.91486,40.66730,11.33082
-289.61530,45.87055,10.23962
-258.91263,57.87387,9.26452
-232.43188,59.67837,8.37994
-206.73405,67.17198,7.59081
-283.83658,102.18743,10.53455
-341.60788,160.74841,13.18392
-397.22928,202.39847,15.56835
-346.48132,204.90843,14.05689
-300.63004,204.30803,12.69308
-350.60388,254.72874,15.13357
-301.52682,249.44467,13.66558
-343.72687,303.03598,16.00185
-292.53738,292.53738,14.44703
-327.47000,348.72012,16.70515
-275.26294,332.73560,15.08001
-239.00429,308.12253,13.61737
-197.94102,291.26141,12.29752
-170.52135,268.69855,11.11313
-189.16098,344.08261,13.71162
-160.97821,315.93762,12.38234
-127.21675,293.98050,11.18599
-98.06211,272.37793,10.10927
-80.88290,248.93195,9.14022
-58.88169,229.32904,8.26808
-46.74598,209.12924,7.48315
-30.35771,191.67110,6.77671
-22.04033,174.46689,6.14092
-16.60829,263.98151,9.23663
-10.80814,343.91864,12.01579
13.05787,415.50983,14.51704
45.18888,478.04779,16.76816
67.45383,533.95251,18.79416
90.98772,476.97510,16.95663
95.59419,427.66397,15.30284
110.39539,379.98349,13.81793
110.41943,339.83609,12.47801
118.82752,300.12405,11.27209
115.77332,267.53635,10.17978
119.65370,234.83359,9.20368
114.89976,209.00188,8.32868
171.83333,270.76599,11.19864
241.88658,311.83853,13.78160
293.99564,355.37976,16.10626
356.74326,379.89288,18.19846
332.35654,332.35660,16.41352
396.85095,349.87122,18.47499
367.80435,304.27438,16.66937
348.53604,253.22614,15.04431
321.67804,218.61230,13.58176
302.32544,178.79466,12.26546
369.93256,203.37224,14.74174
439.71887,206.91609,16.97039
505.24844,200.04182,18.97617
560.10895,201.65170,20.78836
515.65057,149.81041,18.75140
575.11743,128.55403,20.57909
628.57910,99.55717,22.22400
569.44629,71.93781,20.04348
517.31897,16.25741,18.07403
466.88562,-14.67248,16.31200
420.57230,-26.46018,14.71570
377.26440,-47.65942,13.27903
339.01019,-53.69396,11.98602
303.61844,-67.86695,10.86420
272.36481,-69.93143,9.81966
341.53836,-110.97259,12.54052
301.62177,-119.42056,11.32834
265.26050,-124.82201,10.23739
236.15649,-120.32779,9.25553
296.59064,-175.40331,12.03280
344.19241,-233.91281,14.53235
303.73526,-220.67670,13.11052
342.05316,-282.97113,15.50229
368.54590,-346.08749,17.65489
384.06506,-408.98764,19.59222
322.50104,-389.83670,17.66790
279.69965,-360.58655,15.93601
290.45639,-427.39359,18.04523
249.84190,-393.68817,16.28259
202.64772,-368.61484,14.68923
206.42508,-438.67505,16.93011
199.65981,-504.28314,18.93992
165.75569,-460.40350,17.08781
152.45036,-524.73773,19.08185
107.54249,-481.11768,17.21555
69.59598,-439.41339,15.53587
47.66010,-504.18939,17.68511
17.64738,-561.55139,19.61942
-0.00000,-506.64517,17.69238
-28.70656,-456.27777,15.96502
-64.85960,-513.41663,18.07134
-87.68437,-459.65759,16.34098
-92.13299,-412.17929,14.74877
-106.41138,-366.27042,13.31926
-152.19795,-422.74606,15.69016
-202.70958,-468.43423,17.82397
-196.01662,-416.55649,16.07647
-250.69000,-456.00342,18.17165
-251.58780,-396.43896,16.39636
-238.25475,-350.58121,14.80209
-234.67555,-302.54190,13.37074
-287.24603,-347.22083,15.73649
-350.21945,-372.94586,17.86567
-336.52551,-316.01849,16.12098
-391.19556,-344.88528,18.21171
-454.65558,-352.66699,20.09336
-420.08987,-305.21313,18.13288
-395.59540,-251.05251,16.36147
-370.39642,-203.62717,14.76022
-340.01733,-173.24747,13.32608
-317.22009,-137.27339,12.07025
-290.44583,-114.99564,10.90860
-368.22964,-119.64506,13.52056
-335.77710,-97.55230,12.21038
-308.28635,-68.91013,11.03123
-282.08759,-44.67829,9.97347
-257.09668,-24.30279,9.01800
-338.28683,-10.63108,11.81903
-410.64386,0.00002,14.33995
-370.24658,23.29392,12.95481
-332.63611,42.02171,11.70819
-299.41876,47.42327,10.58623
-268.41086,59.99698,9.60439
-342.45856,87.92842,12.34677
-303.87119,98.73375,11.15746
-271.68634,97.81307,10.08360
-335.82214,145.32320,12.77806
-393.92624,185.36755,15.20308
-345.37286,189.87032,13.76304
-306.34692,181.17302,12.42862
-266.00430,180.77641,11.23112
-312.49997,242.39978,13.81083
-275.25964,227.71457,12.47512
-311.67285,292.68030,14.93043
-264.23322,281.37976,13.47927
-299.86057,340.12488,15.83417
-250.85593,323.40155,14.29263
-207.61067,305.48987,12.89826
-178.81752,281.77121,11.65381
-145.27258,264.24988,10.53030
-171.34958,336.29260,13.18010
-177.01773,409.06372,15.56491
-136.35872,378.75082,14.05728
-144.78362,445.59808,16.36136
-92.26941,412.78915,14.77059
-59.77005,377.37335,13.34239
-43.26119,342.44702,12.05352
-19.58755,311.33554,10.89353
0.00003,386.79138,13.50700
21.93968,348.72189,12.20167
39.57313,418.63940,14.68433
59.40671,375.07883,13.26127
64.32376,337.19751,11.98749
103.20268,401.94800,14.49156
115.81528,356.44281,13.08778
150.17696,417.13290,15.48182
158.98141,367.38437,13.97901
164.15216,322.16675,12.62648
157.44565,286.39258,11.41269
158.35564,249.52855,10.32028
150.29024,221.14542,9.33711
212.60382,274.08740,12.11320
266.58694,322.24832,14.60471
330.25183,351.68237,16.84706
382.00012,382.00021,18.86518
444.24744,391.65686,20.68148
492.39899,407.34808,22.31616
466.35571,338.82709,20.12991
439.13632,278.68451,18.16229
404.02438,238.93921,16.39143
377.56482,192.37875,14.79765
346.34503,162.97768,13.36675
321.51355,127.29610,12.07544
294.04034,105.86109,10.91326
271.34409,78.83278,9.86731
247.47934,63.54192,8.92245
330.03998,62.95851,11.73303
403.39914,63.89216,14.26255
471.51822,44.57161,16.53912
532.23065,16.72602,18.59501
480.54324,-0.00001,16.78088
432.93210,-27.23780,15.14816
388.61975,-49.09393,13.67871
349.38184,-55.33667,12.35272
311.86636,-69.71058,11.15933
277.81799,-80.71348,10.10273
344.74826,-124.11688,12.79528
303.93112,-131.52281,11.56461
271.04138,-127.54230,10.46050
237.56189,-130.60081,9.46679
301.27725,-178.17496,12.22294
261.70282,-177.85298,11.04951
316.17282,-229.71312,13.64738
264.88614,-233.52847,12.33150
232.55237,-218.38113,11.14023
197.43243,-210.24413,10.07157
166.34918,-201.08157,9.11328
138.87781,-191.14886,8.25081
114.74445,-180.80847,7.47808
143.93149,-261.81039,10.43309
170.21217,-334.06018,13.09261
134.68517,-311.23911,11.84268
151.39243,-382.37369,14.36123
147.14256,-452.85828,16.62793
119.95113,-412.87460,15.01400
107.54173,-481.11423,17.21542
69.64237,-439.70633,15.54623
47.68523,-504.45517,17.69443
28.72258,-456.53006,15.97385
-0.00000,-412.77386,21.63252
-29.97940,-476.50891,25.02210
-67.13606,-531.43671,28.07273
-90.80331,-476.00763,25.39630
-134.81145,-525.05597,28.40950
-136.47578,-469.75275,25.63659
-185.09071,-514.10925,28.63623
-195.90091,-452.70035,25.85111
-189.74437,-403.22729,23.35497
-194.51888,-353.82852,21.16078
-251.49019,-396.28516,24.59754
-249.16968,-342.95264,22.21629
-244.14575,-295.12155,20.07316
-237.00075,-252.38017,18.14435
-295.25137,-295.25134,21.88275
-283.01059,-249.50742,19.77298
-352.02750,-273.06052,23.34851
-333.03476,-226.33017,21.10263
-313.39136,-185.33913,19.08134
-293.30411,-149.44588,17.25171
-363.93881,-171.25662,21.07938
-337.87646,-133.77475,19.04471
-312.37823,-101.49783,17.21351
-385.61850,-112.03257,21.04499
-354.16489,-79.16520,19.01900
-427.24329,-67.66869,22.66993
-387.62921,-48.96896,20.47621
-352.34048,-22.16742,18.50186
-319.43112,0.00001,16.74064
-288.41568,18.14556,15.14508
-364.41742,34.44753,19.18341
-326.66403,51.73849,17.33310
-393.89655,88.04637,21.15263
-450.77100,130.96111,24.60067
-403.12115,130.98203,22.21387
-355.99100,140.94684,20.06575
-317.53238,137.40852,18.13245
-278.78473,142.04794,16.39771
-247.99193,136.33469,14.83120
-291.77328,211.98579,18.90092
-340.19424,263.88165,22.56366
-291.78192,257.24036,20.38580
-248.53706,248.53706,18.42049
-217.50398,231.61821,16.65171
-183.16942,221.41373,15.05981
-223.45210,288.07275,19.10666
-243.98598,359.01453,22.74883
-210.02550,330.94711,20.54199
-220.99156,401.98224,24.04062
-188.01971,369.00955,21.70460
-176.21713,445.07358,25.08697
-146.37480,406.57159,22.64631
-108.86350,374.71094,20.44971
-76.86992,343.89587,18.46754
-79.28079,415.60449,22.17363
-47.87577,378.97516,20.01907
-28.23957,448.85565,23.57000
0.00004,510.72345,26.76583
14.46929,460.42236,24.14158
39.12870,413.93781,21.79023
47.05045,372.44296,19.67401
63.53362,333.05548,17.76941
66.85069,299.07288,16.06050
77.28229,266.00742,14.51726
84.85516,235.69446,13.12833
83.43615,210.73567,11.87830
131.96669,280.44330,16.24331
185.42789,337.29205,20.17181
176.94781,299.20258,18.21744
235.51477,346.54956,21.95899
222.18388,305.80981,19.81020
284.39063,343.76929,23.38201
266.33600,302.09897,21.10662
257.14880,257.14886,19.05876
324.98688,286.51450,22.70572
382.08286,316.08661,25.98798
446.77774,324.60287,28.94201
509.11060,323.09158,31.60065
467.88086,276.70380,28.48769
436.61060,222.46407,25.68078
399.94815,188.20140,23.16504
370.80710,146.81279,20.90087
442.13330,143.65764,24.36362
503.53220,146.28969,27.48009
461.52640,103.16341,24.78442
418.96802,79.92245,22.35308
485.96283,61.39140,25.67061
544.56946,51.47698,28.66685
492.95270,15.49166,25.84726
444.77524,-0.00001,23.30964
400.50443,-25.19762,21.03101
465.04822,-43.96002,24.48075
519.88336,-82.34147,27.58551
565.72131,-126.45404,30.37979
602.74603,-175.11368,32.89465
532.35071,-191.65784,29.65228
474.29666,-187.78741,26.73416
416.31619,-195.90337,24.11308
357.11670,-211.19833,21.74364
309.49649,-210.33351,19.61114
358.18231,-260.23483,23.20286
388.66113,-321.52863,26.43541
331.51721,-311.31528,23.83374
290.05298,-290.05292,21.49747
314.21030,-356.40155,24.90055
313.62646,-431.66971,27.96333
257.74042,-406.13428,25.20887
274.30606,-463.82620,28.24082
268.27917,-526.52753,30.96957
226.78773,-481.94785,27.91448
162.62012,-451.69412,25.15967
133.76331,-411.68118,22.68557
97.05872,-378.01816,20.45365
65.96781,-345.81467,18.45015
49.69033,-313.73361,16.64700
26.96955,-285.30704,15.01894
22.84806,-363.15762,19.06988
-0.00000,-328.28696,17.20476
-12.60868,-401.21481,21.03712
-34.06445,-360.36426,18.97004
-67.53716,-426.41290,22.62587
-107.91757,-482.79544,25.92659
-137.07619,-533.87653,28.88676
-168.27585,-467.40417,26.03472
-203.59137,-514.21313,28.98409
-212.22726,-451.00586,26.12231
-267.15863,-485.95975,29.06291
-307.99734,-520.79510,31.70946
-306.47446,-450.96344,28.57515
-301.25696,-388.37811,25.75950
-349.64209,-422.64471,28.74685
-338.48810,-360.45322,25.91403
-401.64548,-377.17023,28.87547
-451.44272,-398.00031,31.54075
-428.61960,-332.47141,28.42855
-491.41785,-333.96719,31.13853
-460.96399,-272.61334,28.06654
-430.07755,-219.13542,25.29652
-393.70618,-185.26408,22.80350
-364.75586,-144.41705,20.55979
-333.04651,-119.90417,18.55091
-411.19305,-105.57641,22.24866
-375.99643,-71.72517,20.06043
-342.57489,-43.27728,18.09625
-310.08466,-29.31163,16.32326
-386.08426,-12.13317,20.24377
-452.90619,28.49442,23.78269
-405.89450,51.27639,21.44106
-468.32538,74.17545,24.84979
-519.87219,116.20528,27.91765
-460.87427,133.89638,25.15205
-511.56577,166.21782,28.18968
-450.85022,178.50427,25.41258
-395.50952,186.11258,22.90796
-350.96646,178.82639,20.64333
-396.34036,234.39499,24.13183
-420.98959,305.86697,27.27148
-370.60934,287.47403,24.58097
-396.12241,349.22885,27.67571
-346.97119,325.82767,24.94477
-293.72342,312.78366,22.48693
-313.69165,379.18793,25.79107
-260.63031,358.72693,23.23813
-214.04634,337.28293,20.93525
-173.44168,315.48929,18.86790
-147.28304,289.05933,17.00204
-116.15636,268.42145,15.32800
-89.30084,248.04257,13.81614
-106.06079,326.42148,17.98736
-76.99362,299.87036,16.22526
-52.30497,274.19226,14.62890
-55.87486,352.78006,18.71885
-30.31788,320.72900,16.88359
-18.23700,289.86905,15.22140
0.00003,367.35260,19.25210
41.08511,434.63443,22.87972
49.30782,390.31186,20.61792
66.44005,348.29150,18.58229
69.76521,312.11166,16.76070
109.86308,378.15125,20.63747
120.22060,333.92584,18.59989
156.58969,395.50040,22.29273
208.11632,442.26938,25.61629
262.97232,478.34485,28.60750
263.50757,415.22144,25.77292
308.33319,453.69864,28.74846
302.89743,390.49329,25.89978
283.83063,343.09238,23.33597
346.86316,369.37164,26.55521
332.72568,312.45026,23.92062
308.51279,271.99063,21.55473
292.87878,227.17998,19.42542
355.60226,258.36005,23.03572
423.47110,268.74307,26.28498
488.40775,268.50455,29.20932
447.38556,227.95418,26.31455
415.19266,179.66998,23.70926
379.03250,150.06946,21.36450
449.89554,146.17975,24.79136
412.85141,106.00227,22.33839
477.78244,106.79707,25.65738
435.88138,69.03685,23.12828
499.17044,63.05991,26.36829
452.42880,28.46441,23.75763
408.49033,-0.00000,21.40803
473.36221,-14.87602,24.82006
425.04062,-40.17819,22.37469
484.35858,-76.71490,25.70053
431.21445,-96.38811,23.15664
483.62781,-140.50667,26.39381
431.74295,-140.28186,23.79107
478.38846,-189.40749,26.96479
425.62421,-184.18413,24.30495
466.30365,-237.59366,27.42729
406.02005,-240.11972,24.72120
438.76053,-298.18121,27.80191
386.82556,-281.04535,25.05836
413.21310,-341.83981,28.10535
352.34982,-330.87839,25.33145
298.26917,-317.62430,22.83494
259.79291,-294.67715,20.58808
281.63995,-363.08795,24.08211
232.90616,-342.71097,21.71577
256.59692,-404.33243,25.09703
258.67630,-470.53040,28.14016
219.70940,-431.20395,25.36278
173.29756,-400.46707,22.86837
133.29984,-370.25403,20.62340
142.18530,-437.60141,24.11389
113.44836,-507.53903,27.25534
73.34502,-463.08398,24.57167
52.98702,-419.43591,22.15637
30.54443,-485.48737,25.49357
17.07974,-543.48877,28.49705
-15.38051,-489.41574,34.24020
-51.43332,-544.10773,38.21734
-77.05620,-486.51370,34.44444
-102.90266,-539.43469,38.40116
-123.08755,-479.39444,34.60987
-137.89810,-424.40668,31.20469
-136.31522,-378.63010,28.14002
-144.15547,-333.12369,25.38183
-184.15837,-391.35645,30.24481
-238.61728,-434.04324,34.63545
-280.79755,-474.80276,38.57307
-279.49948,-411.27100,34.77156
-325.26401,-447.68747,38.69557
-318.03168,-384.43430,34.88879
-379.84222,-404.49091,38.80108
-427.96542,-427.96536,42.32214
-409.19235,-360.75159,38.14573
-459.84204,-380.41440,41.73232
-435.10391,-316.12146,37.60791
-498.05023,-316.07230,41.24829
-465.83432,-256.09460,37.17229
-434.70114,-204.55486,33.59457
-397.55310,-172.03658,30.29092
-367.56461,-132.33145,27.31763
-335.14487,-108.89516,24.64167
-409.70538,-105.19444,29.57867
-374.73584,-71.48470,26.67661
-341.28433,-54.05413,24.16241
-311.06787,-19.57076,21.79500
-386.16556,-12.13573,27.01667
-348.24692,10.94408,24.36383
-312.88049,29.57587,21.97628
-281.31018,35.53773,19.82748
-354.63812,67.65084,25.24590
-420.39691,93.96990,30.12248
-473.93921,137.69209,34.51139
-418.57947,150.69785,31.10909
-470.68445,186.35719,35.39935
-412.88062,194.28679,31.90824
-367.16113,187.07797,28.81507
-410.32321,242.66441,33.33473
-362.83820,230.26410,30.05009
-398.52499,289.54550,34.44625
-350.94080,272.21756,31.05743
-300.36386,264.80634,28.00051
-255.32318,255.32318,25.24929
-294.91312,314.05057,30.12553
-314.61661,380.30603,34.51414
-337.13507,434.63196,38.46390
-337.75293,496.98840,42.01867
-275.64771,466.09491,37.86564
-221.61597,434.94595,34.13488
-216.51622,500.33932,38.12256
-219.58687,554.61298,41.71147
-198.66470,611.42700,44.95544
-144.01682,560.90839,40.49477
-117.49432,615.92682,43.84646
-88.40549,558.17041,39.51762
-57.82561,611.72974,42.96703
-34.76766,552.61670,38.71915
0.00005,604.17999,42.24840
40.78886,648.32172,45.42473
64.98044,687.42029,48.28342
97.27657,614.17944,43.48298
122.19302,546.66034,39.16956
125.47260,488.68362,35.28051
140.44206,432.23621,31.78036
162.60469,375.75726,28.63022
201.95979,429.18610,33.16837
205.85123,374.44199,29.87943
196.01384,331.44147,26.92636
195.07497,287.04416,24.26861
183.88870,253.10103,21.87662
179.79427,217.33398,19.72384
237.87323,269.81430,25.15262
229.40483,229.40489,22.68619
298.41391,263.08728,27.81874
276.41537,228.67081,25.08570
261.52838,190.01141,22.60503
241.20839,163.92514,20.39335
230.44527,126.68842,18.38890
214.51187,100.94167,16.57791
196.18520,84.89696,14.94802
181.48520,65.33872,13.48809
268.34573,77.96168,19.54045
243.98244,62.64407,17.61431
326.65784,62.31334,23.25405
297.32919,37.56142,20.95654
374.09659,35.36255,26.27601
443.81027,13.94730,31.04957
399.82806,-12.56511,27.97252
360.00937,-22.64989,25.22409
322.78189,-40.77670,22.75051
289.70026,-45.88403,20.51034
360.91528,-80.67435,25.86047
322.86597,-82.89792,23.30930
285.98538,-92.92233,21.02720
354.40503,-127.59353,26.33960
311.49075,-134.79416,23.73354
276.84415,-130.27286,21.39507
241.74319,-132.89951,19.29044
304.80676,-180.26231,24.76256
258.24438,-187.62561,22.32118
302.91061,-250.58960,27.49023
325.02673,-325.02667,32.14238
355.64490,-378.72327,36.32931
298.30093,-360.58383,32.72428
247.79846,-341.06525,29.47975
213.49104,-314.14249,26.55968
174.21323,-294.57849,23.93161
187.88651,-368.74802,28.93962
189.96043,-438.97272,33.44682
145.98918,-405.49997,30.13702
137.74426,-474.11896,34.52448
136.87704,-533.10004,38.48715
92.91344,-487.06833,34.67331
55.99443,-443.24203,31.24086
47.80061,-505.67578,35.51794
14.37461,-457.40991,32.00103
-0.00000,-517.71381,36.20209
-29.28182,-465.42117,32.60978
-65.86873,-521.40472,36.74997
-90.54982,-571.70911,40.47614
-136.77431,-611.89301,43.84365
-140.43338,-546.95197,39.48719
-189.75656,-584.01062,42.93964
-242.41006,-612.25800,46.04684
-269.28400,-528.49957,41.47704
-257.41678,-468.23941,37.36421
-314.39157,-495.40189,41.02895
-372.60211,-512.84277,44.32722
-349.98004,-451.19153,39.92938
-340.12189,-385.79254,35.96435
-317.20627,-337.79041,32.40279
-304.30222,-285.75882,29.19041
-289.78769,-239.73320,26.29927
-359.46957,-261.16989,31.07051
-331.15869,-225.05519,27.99834
-401.27518,-237.31349,32.59967
-380.00577,-178.81717,29.36761
-444.02814,-192.14813,33.83201
-410.07071,-147.63460,30.47671
-373.43460,-121.33626,27.45694
-444.80121,-114.20551,32.11242
-406.47498,-77.53926,28.93605
-368.23309,-58.32240,26.07035
-334.54831,-31.62412,23.49819
-302.93445,0.00001,21.18325
-273.20441,8.58578,19.11375
-245.31082,23.18866,17.23028
-325.02225,41.05985,22.90842
-393.58929,75.08117,28.01875
-349.96475,89.85568,25.26570
-312.65582,90.83493,22.76703
-276.17111,99.42770,20.52521
-239.48093,112.69112,18.50756
-212.59624,108.32322,16.68471
-185.18103,109.51573,15.04414
-247.68463,168.32637,20.94089
-303.67526,220.63309,26.24797
-260.68448,215.65695,23.65805
-222.25685,208.71309,21.32015
-260.29532,277.18637,26.58930
-226.64412,257.07718,23.96525
-189.29388,244.03624,21.59663
-156.51782,230.30901,19.47184
-134.55307,212.02164,17.55954
-109.21350,198.65865,15.85241
-131.93683,280.38013,21.66834
-152.79311,353.08395,26.90267
-117.45810,326.25238,24.24728
-96.59120,297.27710,21.85743
-96.28269,374.99631,27.07285
-65.36660,342.66373,24.39347
-65.67118,414.63162,29.35529
-35.59363,376.54047,26.44766
-21.39874,340.12363,23.83080
0.00003,307.41483,21.49655
8.70615,277.03534,19.38177
33.43640,353.71964,24.84476
50.13184,316.51962,22.40911
73.87686,387.27673,27.56937
88.41730,344.36273,24.86126
89.46616,307.94458,22.42397
97.99954,272.20441,20.23040
134.81413,340.50165,25.60853
140.63295,298.85999,23.09650
143.44913,260.93298,20.82173
190.29468,321.77090,26.14073
189.39139,278.68103,23.56153
240.57581,331.12411,28.62050
313.59689,355.70593,33.15961
302.13443,302.13449,29.87853
288.98233,254.77222,26.93951
267.69608,221.45757,24.29439
253.36955,184.08366,21.89982
333.71432,197.35797,27.11101
405.20877,206.46404,31.80108
370.79587,174.48337,28.65585
343.56735,136.02782,25.83909
416.94894,135.47476,30.65635
379.37762,110.21944,27.62559
450.28732,100.65118,32.26420
514.68536,81.51817,36.43895
465.78754,58.84267,32.82993
422.10504,26.55660,29.57483
380.85669,11.96890,26.64525
343.26956,-10.78769,24.01561
413.09521,-39.04902,29.01521
371.19113,-46.89219,26.16252
331.44879,-63.22711,23.59510
294.81854,-75.69657,21.28442
364.70490,-105.95641,26.55715
421.18326,-151.63515,31.30260
466.88428,-202.03897,35.57351
414.90887,-195.24115,32.06498
362.08475,-199.05788,28.89336
314.40530,-199.52777,26.03890
348.44083,-270.27829,30.83618
306.33926,-253.42601,27.80139
261.20349,-245.28633,25.05613
221.23578,-235.59210,22.59935
192.81561,-218.70634,20.38824
225.70326,-290.97485,25.75059
195.21739,-268.69363,23.22436
160.43182,-252.80034,20.93680
137.52637,-232.54437,18.89195
110.75037,-217.35983,17.05856
129.23007,-298.63309,22.75387
146.77029,-370.69949,27.87965
111.09962,-341.92950,25.14052
106.79131,-415.92404,30.02763
84.45886,-377.84741,27.07370
54.58812,-344.65717,24.40121
39.44939,-312.27435,22.00991
17.81875,-283.21948,19.84380
8.04425,-255.97343,17.90825
-7.25183,-230.75684,20.19859
-19.60104,-207.35742,18.22231
-45.85874,-289.54071,25.64731
-57.70592,-258.16141,23.14359
-66.61647,-229.29539,20.89023
-66.65363,-205.13875,18.87094
-71.71928,-181.14223,17.04485
-111.61339,-257.92334,24.58760
-162.81456,-319.54153,31.37607
-206.41370,-375.46512,37.48569
-206.89070,-326.00763,33.78070
-195.71786,-287.99008,30.46364
-192.50064,-248.17033,27.47828
-256.83139,-291.31802,33.97769
-311.76010,-331.99081,39.84458
-375.84097,-352.93820,45.10735
-438.97479,-363.15152,49.84385
-405.69955,-314.69281,44.92047
-469.61218,-319.14807,49.67566
-440.28122,-260.38159,44.75167
-404.20410,-222.21309,40.35494
-376.70508,-177.26396,36.42403
-446.65695,-176.84399,42.02886
-411.85492,-133.81976,37.88698
-374.74783,-108.87434,34.14186
-445.91101,-99.67288,39.97491
-510.55560,-80.86407,45.22464
-568.39026,-53.72869,49.94941
-513.31476,-32.29508,44.99805
-568.59302,0.00002,49.74548
-511.87943,16.08643,44.80579
-564.29889,53.34186,49.58987
-501.58643,95.68272,44.67447
-448.88895,100.33864,40.24188
-397.91522,115.60508,36.25255
-445.01675,176.19464,41.87453
-395.70221,171.23563,37.72194
-439.92853,224.15483,43.19698
-389.84000,214.31631,38.92085
-427.46289,271.27618,44.29343
-369.03012,268.11621,39.90767
-407.90018,316.39978,45.16413
-348.87915,307.57834,40.69129
-305.50424,286.88757,36.66574
-258.47156,275.24426,33.03403
-216.92845,262.22134,29.77420
-188.03159,242.40891,26.84036
-155.58757,228.94019,24.21733
-133.86136,210.93167,21.85661
-108.50935,197.37779,19.70581
-131.31485,279.05835,26.98246
-141.08961,356.35162,33.53144
-152.64740,423.99435,39.42553
-113.28987,389.94659,35.52656
-91.06040,354.65683,32.03491
-61.84380,324.19653,28.87500
-37.31622,295.38785,26.04851
-16.86924,268.12921,23.50466
-7.61060,242.17194,21.19777
6.87138,218.65172,19.13901
12.39368,196.99232,17.26868
22.35203,176.93468,15.60282
30.15060,158.05525,14.07740
62.29955,242.64079,21.91689
112.17509,311.57855,28.97243
148.62546,375.38507,35.32243
155.00952,329.41177,31.85119
148.97815,292.38605,28.70965
150.69382,254.80948,25.89969
150.14848,220.93683,23.37073
141.72269,195.06450,21.09467
138.76656,167.73999,19.04621
130.09726,147.56641,17.21131
125.68877,125.68880,15.55119
199.28349,175.69206,23.24330
189.48088,146.97636,20.97998
175.24837,127.32533,18.95171
253.84988,161.09811,26.30377
323.88367,191.54416,32.92062
302.54340,154.15346,29.70700
277.23361,130.45628,26.80602
354.66412,140.42134,33.37265
427.02646,138.74913,39.28262
493.78192,126.78170,44.60159
448.44907,100.24028,40.20244
515.16583,65.08060,45.42943
466.05374,44.05506,40.95621
526.75433,16.55392,46.10781
474.57672,-14.91419,41.54061
426.12772,-40.28095,37.44756
382.97760,-48.38116,33.77253
445.08975,-84.90524,39.64251
497.36777,-127.70239,44.92549
444.46973,-129.13022,40.49395
392.59216,-141.34174,36.50556
345.37961,-149.45918,32.92473
307.18427,-144.54984,29.70198
268.79904,-147.77361,26.83637
233.76375,-148.35106,24.22245
206.83131,-140.56235,21.87865
178.54590,-138.49434,19.76922
231.83167,-204.38704,27.03953
271.56598,-271.56589,33.60024
229.10753,-259.87143,30.30994
199.25653,-240.85973,27.34867
227.49239,-313.11633,33.86103
196.23837,-288.75595,30.54465
160.35365,-271.14322,27.55991
128.93694,-253.05299,24.84750
101.83036,-235.31610,22.43247
85.20649,-215.20705,20.25023
64.61913,-198.87723,18.29493
81.99463,-282.22745,25.71267
80.75738,-361.28790,32.38864
62.58176,-328.06442,29.21950
37.78526,-299.10144,26.37599
17.08713,-271.59079,23.80811
11.01291,-350.43823,30.67453
-9.92731,-315.89227,27.65066
-26.85286,-284.07364,24.96403
-32.28620,-255.57162,22.53735
-43.59230,-228.51886,20.35334
-52.26778,-203.56961,18.38773
-82.26097,-283.14413,25.79619
-90.15961,-250.42796,23.28629
-88.47650,-223.46616,21.02739
-92.39704,-196.35370,18.98565
-136.65227,-268.19519,26.33432
-191.70422,-324.15417,32.94812
-182.03941,-286.84824,29.72303
-180.19086,-248.01141,26.82045
-176.37523,-213.20105,24.20813
-165.27942,-187.47270,21.86576
-159.68626,-159.68625,19.75762
-153.05595,-134.93698,17.85158
-228.62048,-177.33621,25.31366
-309.27573,-196.27235,32.04696
-284.44531,-168.22050,28.91198
-359.17810,-183.01035,35.26802
-328.99548,-154.81354,31.81094
-304.90881,-120.72193,28.69086
-381.22174,-123.86645,35.06900
-347.29288,-100.89793,31.64054
-318.42648,-71.17673,28.54621
-392.47433,-74.86850,34.95625
-358.69473,-33.90663,31.52164
-324.90088,-10.21041,28.43920
-398.25143,0.00002,34.84251
-463.20670,29.14247,40.60549
-416.64987,39.38494,36.61466
-473.80899,90.38390,42.20043
-424.34305,94.85197,38.04139
-472.70325,153.59062,43.48449
-421.53717,151.76270,39.19705
-370.78992,160.45511,35.34707
-329.73132,155.15973,31.88208
-288.10266,158.38576,28.76360
-339.07245,215.18190,35.13447
-386.35080,262.56384,40.86826
-332.82147,258.16275,36.85115
-284.73270,251.02563,33.20961
-316.30649,316.30649,39.13589
-266.83212,302.66150,35.30074
-232.04575,280.49503,31.84910
-193.10480,265.78601,28.74263
-151.01871,255.35873,25.95552
-129.06279,234.76436,23.43841
-103.04214,218.97577,21.17301
-128.47890,296.89713,28.30294
-98.92843,274.78424,25.55108
-73.58150,253.26941,23.07442
-51.95400,232.42859,20.83670
-59.97030,314.37534,28.00026
-49.34829,390.63135,34.44747
-22.30688,354.55798,31.08116
0.00003,320.62970,28.05148
9.09535,289.42001,25.33349
34.47219,364.67722,32.04737
41.41878,327.86368,28.91236
56.08601,294.01367,26.18672
67.19122,261.69257,23.63777
68.03477,234.17725,21.33500
74.58033,207.15501,19.26251
73.27547,185.07274,17.41470
76.61589,162.81694,15.74295
121.50813,238.47311,23.41589
123.02362,208.02168,21.14402
122.70635,180.55696,19.09934
120.90977,155.87604,17.25913
117.93991,133.77660,15.60295
113.98946,113.98949,14.10366
106.27068,99.79482,12.75430
101.63173,84.07712,11.53988
96.60357,70.18657,10.44690
91.41086,58.01112,9.47194
174.84641,103.40382,17.77198
164.13741,83.63213,16.11679
150.73610,70.93106,14.57484
140.05159,55.45030,13.17836
229.45442,74.55417,21.10776
209.27998,60.80148,19.06671
294.56705,65.84357,26.40727
267.52594,51.03332,23.82755
348.04501,43.96832,30.69203
421.21848,13.23732,36.87006
380.08072,-0.00000,33.25278
341.89478,-21.51021,29.97108
306.67322,-38.74171,27.04369
274.05472,-52.27863,24.40905
243.88359,-62.61869,22.02915
218.38205,-63.44576,19.89596
292.01819,-105.13290,27.15359
357.98846,-141.73773,33.68547
409.18100,-192.54581,39.56416
357.26617,-196.40883,35.66875
310.47858,-197.03578,32.17160
274.38190,-186.46965,29.02416
311.49454,-257.69083,35.36898
352.20596,-310.51123,41.07931
299.44635,-299.44629,37.04982
252.50893,-286.41510,33.40585
219.49353,-265.32205,30.12627
244.28735,-336.23264,36.36087
200.79729,-316.40616,32.78580
172.03877,-290.90167,29.56823
138.45187,-271.72708,26.68113
101.33244,-255.93655,24.08274
119.72243,-332.54138,30.92169
118.23334,-406.96191,37.07676
121.13861,-471.80298,42.61631
82.27800,-431.31549,38.41569
49.62949,-392.85825,34.64384
29.01432,-461.16711,40.42669
13.08466,-416.36276,36.44503
-15.07091,-479.56403,50.42907
-40.71278,-430.69632,45.46979
-61.04850,-385.44507,41.01688
-85.58520,-448.65335,48.00566
-102.42659,-398.92529,43.28872
-103.63791,-356.72403,39.04346
-113.51855,-315.30994,35.22274
-149.87405,-378.53870,42.79093
-200.93997,-427.01917,49.60231
-205.09970,-373.07498,44.74660
-261.84830,-412.60693,51.36241
-306.52182,-451.03317,57.31664
-365.48703,-471.18301,62.67544
-355.44263,-403.17050,56.49152
-331.75070,-353.27863,50.93644
-319.18320,-299.73300,46.02049
-304.17279,-251.63361,41.49161
-281.12692,-218.06439,37.39471
-265.24939,-180.26328,33.70750
-244.29042,-155.03143,30.40993
-228.79865,-125.78313,27.44210
-209.99332,-106.99693,24.77106
-195.30650,-84.51667,22.36713
-178.81813,-70.79910,20.21404
-165.28180,-53.70331,18.26580
-151.97658,-39.02094,16.49149
-240.79211,-53.82339,25.93281
-324.99655,-41.05661,34.42999
-399.55045,-25.13762,42.07746
-465.82520,0.00002,48.96018
-523.72595,32.95002,55.15463
-470.88235,44.51141,49.71234
-524.85864,83.12943,55.85248
-569.72040,127.34768,61.35770
-611.09900,156.90356,66.31240
-540.69910,175.68382,59.75433
-580.70319,209.06596,64.86936
-503.23593,236.80476,58.45560
-531.10315,291.97641,63.70050
-560.32739,331.37665,68.42092
-572.00995,388.73773,72.69020
-479.98233,397.07590,65.47345
-420.91873,371.08975,58.97836
-357.46008,357.46008,53.13279
-370.65958,420.43057,58.90998
-388.80374,469.98282,64.10944
-384.69571,529.48834,68.78896
-315.99393,497.92654,61.98323
-256.03003,465.71698,55.85808
-203.86566,433.23676,50.32454
-158.89056,401.31168,45.36525
-131.82181,366.14911,40.90190
-97.85253,336.81088,36.86397
-104.74381,407.95020,44.26804
-90.80179,475.99966,50.93171
-54.72332,433.17905,45.89080
-31.29969,497.49487,52.39219
-14.10752,448.90631,47.20523
12.71227,404.51270,42.53698
34.34369,363.31772,38.35645
41.25212,326.54440,34.59397
75.27930,394.62860,42.22504
101.89227,455.83997,49.09301
117.42101,404.16583,44.23597
117.29826,361.00693,39.89600
164.60522,415.74536,46.99686
160.10107,369.97177,42.37035
165.03035,323.89026,38.20648
157.84984,287.12778,34.43810
158.27698,249.40457,31.04655
149.70905,220.29022,27.99416
147.34782,189.95981,25.26791
143.54669,162.82181,22.81429
134.20778,142.91673,20.60603
128.98756,121.12740,18.59769
198.60657,175.09528,27.82839
271.82147,210.84627,36.15693
343.34430,233.33667,43.63170
404.54620,256.73297,50.35900
378.49155,208.07759,45.39627
440.37466,224.38194,51.94711
505.07547,218.56578,57.84286
565.30304,203.52171,63.14905
519.93860,151.05620,56.90731
574.18793,147.42647,62.30705
627.92584,119.78330,67.18772
568.92828,90.10941,60.54212
621.16779,58.71766,65.57838
665.74561,41.88517,70.11101
601.15131,-0.00001,63.18353
540.66333,-34.01568,56.93834
590.44580,-55.81359,62.33497
527.98431,-83.62453,56.18510
470.29883,-105.12453,50.65021
420.85889,-108.05824,45.66881
372.67572,-121.08974,41.18555
431.10016,-155.20544,48.15746
373.84256,-175.91682,43.42533
418.31979,-229.97336,50.17327
460.62521,-272.41312,56.24641
398.92606,-271.10974,50.69494
343.55426,-266.48788,45.69862
302.12564,-249.94020,41.21238
257.61462,-241.91612,37.14340
225.39209,-225.39203,33.50223
190.24150,-215.78659,30.23563
165.53979,-200.10320,27.29568
137.85133,-189.73605,24.64974
119.03250,-175.15099,22.25793
97.42482,-164.73637,20.11576
118.35297,-251.51253,29.21556
130.93806,-330.71182,37.38447
99.16856,-305.20950,33.72964
72.02573,-280.52124,30.44030
79.87901,-357.35828,38.48674
51.67870,-326.28772,34.72169
50.48896,-399.66171,42.33999
22.81505,-362.63303,38.18961
13.58614,-432.32031,45.46112
-15.54827,-494.75385,52.02637
-28.02302,-445.41318,46.90736
-50.42915,-399.18787,42.28979
-68.00445,-356.49185,38.14443
-71.42528,-319.53830,34.41361
-111.65228,-384.30969,42.06272
-122.27617,-339.63513,37.94006
-158.43968,-400.17297,45.23653
-165.22511,-351.12122,40.78605
-168.63481,-306.74561,36.79106
-214.08147,-361.99203,44.20242
-272.06021,-400.32443,50.87265
-331.66714,-427.58270,56.87585
-310.94788,-375.87143,51.27188
-320.62460,-301.08658,46.22832
-386.31122,-319.58441,52.69595
-450.42065,-327.24973,58.51682
-415.08783,-282.09335,52.74876
-389.46820,-230.33086,47.55750
-363.55490,-185.24043,42.88537
-337.75214,-146.15840,38.68045
-308.60605,-122.18578,34.88558
-287.53012,-83.53525,31.47019
-263.76364,-58.95814,28.40679
-240.93823,-38.16087,25.63928
-218.60555,-27.61630,23.15898
-303.42645,-19.09001,31.95445
-274.28394,-8.61971,28.84262
-247.35255,7.77335,26.01063
-222.53082,21.03532,23.49319
-200.27490,25.30060,21.21704
-283.66293,44.92779,30.18580
-352.56207,90.52256,38.25769
-315.35422,91.61889,34.51554
-278.73627,100.35121,31.13716
-248.73412,98.48083,28.11751
-218.48361,102.81054,25.37893
-194.25206,98.97639,22.91421
-169.48779,100.23478,20.69596
-150.30190,95.38448,18.70998
-214.98093,156.19286,27.92945
-184.81079,152.88876,25.20968
-157.86902,148.24887,22.76188
-133.96861,142.66208,20.56931
-112.77895,136.32629,18.59600
-162.27025,209.19757,27.82687
-193.24332,284.34897,36.13465
-211.22023,357.15399,43.61165
-217.44432,426.75864,50.34096
-171.51302,396.34308,45.39048
-143.37393,362.12112,40.93505
-140.92502,433.72253,47.93202
-143.94742,495.47064,54.22929
-101.47102,453.95474,48.88998
-98.21783,514.87598,55.09145
-59.21258,468.71509,49.65547
-40.08947,424.10138,44.77354
-12.06771,383.99875,40.37981
0.00004,451.28833,47.43230
32.12848,510.66858,53.77953
43.41279,459.25873,48.48520
65.30563,412.32312,43.87709
105.02159,469.83975,50.60076
121.13398,416.94595,45.63475
132.67079,368.50760,41.16536
168.60652,425.85147,48.13929
175.93546,373.88159,43.42988
216.73776,425.37177,50.17736
272.43079,460.65552,56.25010
258.56897,407.43948,50.71916
255.80402,352.08392,45.74132
250.23657,302.48413,41.26126
234.31059,265.77325,37.23966
300.09567,300.09573,44.60616
279.16144,262.15005,40.25007
346.86758,286.95398,47.31554
328.58569,238.73137,42.68851
303.07022,205.96643,38.51373
284.63495,168.33253,34.75643
353.27051,194.21220,42.37126
329.10117,154.86333,38.22821
305.19040,120.83331,34.49946
278.70026,100.33831,31.13313
256.86502,74.62622,28.11389
335.37784,86.11043,36.39297
306.98987,58.56147,32.84775
279.94312,35.36505,29.65705
253.71535,23.98317,26.78542
230.14316,7.23254,24.20095
208.12616,-0.00000,21.87493
292.25449,-18.38711,30.77791
262.35895,-33.14353,27.79419
235.95360,-37.37140,25.10884
210.70074,-47.09732,22.69203
187.55002,-54.48824,20.52736
267.52567,-86.92440,29.56509
333.49463,-132.03993,37.69905
292.99106,-137.87102,34.03367
348.02136,-191.32645,41.74167
390.88144,-248.06102,48.65797
431.87973,-293.50504,54.88264
372.04556,-288.58801,49.48845
327.13037,-270.62595,44.62322
279.19550,-262.18192,40.25497
308.19641,-328.19574,47.31994
258.85312,-312.89963,42.68203
276.84808,-381.04861,49.50429
297.69037,-438.03806,55.66524
243.04346,-410.96402,50.18233
242.98782,-476.89044,56.25457
250.02756,-531.33490,61.71958
194.84686,-492.12704,55.63124
197.10684,-547.48456,61.15858
146.35641,-503.76221,55.13680
117.63737,-458.16660,49.71719
99.58261,-522.02930,55.85685
45.08689,-476.96768,50.35479
27.13064,-431.22702,45.41338
-0.00000,-388.99240,47.76225
-28.59495,-454.50369,55.91636
-64.56808,-511.10898,63.25506
-89.00546,-561.95837,69.85989
-111.89881,-500.60648,62.98359
-158.18053,-544.46100,69.61556
-190.28763,-585.64508,75.60872
-204.34541,-516.11768,68.15753
-213.09488,-452.84964,61.45145
-252.30203,-495.17059,68.23664
-308.21323,-521.16016,74.34332
-292.41351,-460.77002,67.00647
-289.21674,-398.07266,60.41550
-349.40369,-422.35651,67.30430
-338.25433,-360.20428,60.67136
-316.07574,-316.07571,54.88452
-302.36435,-266.57004,49.49356
-280.06482,-231.68974,44.62951
-265.29651,-192.74916,40.26406
-244.83676,-166.39088,36.34733
-230.00473,-136.02441,32.81009
-211.96513,-116.52882,29.69970
-197.87547,-93.11314,26.85159
-183.82904,-72.78307,24.27612
-168.16913,-60.54464,21.94600
-255.60274,-74.25948,32.68174
-232.89346,-59.79687,29.52324
-316.01355,-60.28282,39.50126
-391.73642,-49.48782,48.48147
-459.76508,-28.92601,56.56366
-415.29495,-13.05116,51.01698
-479.02267,15.05387,58.84562
-430.20947,40.66670,53.05854
-386.73404,48.85586,47.86237
-343.05600,76.68216,43.16144
-307.29550,78.90008,38.95498
-371.71643,120.77801,47.98982
-331.80582,119.45742,43.30052
-387.93323,167.87367,51.90080
-439.50848,206.81691,59.64106
-383.87231,211.03557,53.78663
-333.71542,211.78223,48.52984
-294.94745,200.44617,43.78653
-247.98564,205.15155,39.51756
-211.80443,198.89760,35.67548
-251.09694,267.39105,45.03827
-287.95895,326.62515,53.46479
-304.73822,392.86621,61.04865
-263.54791,362.74265,55.05346
-216.70468,341.47180,49.65779
-175.78253,319.74728,44.80169
-196.89641,386.43106,53.25187
-144.01947,363.75159,48.03636
-119.57301,332.12677,43.34240
-79.20525,308.48407,39.10566
-85.50138,382.51077,48.12543
-71.65704,452.42484,56.24322
-38.88104,411.31760,50.72858
-23.40385,371.99387,45.76540
0.00004,440.76559,54.11920
15.76808,501.75046,61.63762
52.42852,554.63507,68.40419
78.57555,496.10596,61.67345
84.85643,444.83371,55.60360
101.58055,395.63022,50.15292
102.78326,353.78235,45.23512
112.61768,312.80786,40.82129
110.40469,278.85043,36.82447
115.26453,244.94943,33.23951
110.97198,217.79474,30.01306
118.30366,186.41672,27.10925
178.69708,245.95538,37.32866
241.53586,291.96677,46.52613
226.05392,256.40790,41.97102
218.09851,218.09857,37.87141
208.74759,184.03578,34.16957
274.12479,226.77586,43.68295
344.23795,250.10339,52.24500
317.38821,215.69691,47.11799
297.87320,176.16162,42.49150
273.62939,150.42909,38.33984
254.91013,119.95165,34.59117
329.34488,142.52032,44.06239
304.53323,109.63876,39.74146
277.70496,90.23170,35.85262
356.54108,91.54423,45.19770
426.08948,95.24232,53.60826
492.11880,77.94398,61.17778
551.27954,52.11127,67.99034
498.17227,31.34235,61.28880
449.73782,-0.00001,55.22085
404.75775,-25.46522,49.79626
364.17288,-34.42449,44.91412
325.94769,-51.62506,40.52021
292.62622,-55.82132,36.57787
260.55453,-66.89906,33.02976
333.61990,-96.92541,42.65712
388.62997,-153.86957,51.32175
341.09991,-160.50931,46.28707
396.13199,-201.83940,54.58870
338.51169,-214.82614,49.22733
299.09387,-203.26390,44.40208
257.87241,-200.02626,40.07156
307.45798,-254.35150,48.99474
262.44366,-246.45090,44.20494
293.89499,-312.96628,52.71479
246.86674,-298.41058,47.55299
214.18198,-276.12167,42.90737
235.97189,-347.22205,51.54697
258.88135,-407.93207,59.32261
260.30948,-473.50116,66.34506
251.89671,-535.30707,72.64090
253.28526,-585.30780,78.30714
194.69955,-540.79803,70.57392
192.39700,-592.13715,76.44687
139.52611,-543.41742,68.88749
94.78376,-496.87286,62.10842
71.34063,-450.42871,55.99507
25.82167,-410.42154,50.49305
11.64719,-370.62149,45.52906
-10.50435,-334.25378,41.06146
-28.38982,-300.33295,37.04063
-34.11562,-270.05298,33.42187
-46.05335,-241.42012,30.17718
-71.22492,-318.64194,40.08980
-82.20438,-282.94937,36.17831
-82.16103,-252.86565,32.64579
-126.85570,-320.40097,42.31155
-123.48679,-285.36115,38.17789
-127.36040,-249.95886,34.44541
-128.92792,-218.00522,31.09836
-122.56626,-193.13354,28.08602
-182.90541,-251.74770,38.20776
-236.19522,-304.50104,47.31732
-299.00623,-339.15598,55.51593
-288.30225,-288.30222,50.06183
-275.77353,-243.12709,45.14095
-255.48218,-211.35323,40.71217
-242.06651,-175.87160,36.73844
-223.29883,-151.75371,33.14991
-299.79224,-177.29663,42.76525
-280.00735,-142.67084,38.58622
-351.20212,-165.26318,47.65794
-325.53574,-128.88870,42.98964
-300.44287,-97.61980,38.78817
-276.15073,-70.90343,35.00684
-252.92952,-48.24889,31.61584
-229.67250,-36.37655,28.55175
-313.19489,-29.60563,38.62691
-283.88501,-8.92144,34.87390
-256.29016,8.05423,31.48400
-335.42099,21.10288,41.26594
-404.56943,51.10899,50.06969
-463.94958,88.50312,57.99306
-415.62152,92.90248,52.29124
-365.38025,118.71925,47.17180
-326.07089,117.39272,42.55211
-382.89865,165.69502,51.22724
-340.47305,160.21440,46.20201
-389.05026,213.88216,54.51215
-434.57010,257.00400,61.99127
-376.55643,255.90759,55.90182
-324.47623,251.68953,50.42132
-277.89905,245.00095,45.48887
-319.97137,300.47314,53.89469
-270.96936,288.55304,48.60271
-305.23709,346.22336,56.67278
-319.15033,411.44620,63.93584
-263.86337,388.26321,57.63975
-268.67377,454.30264,64.80611
-229.22662,416.96176,58.42299
-182.67178,388.19745,52.67818
-153.66470,355.09808,47.50786
-107.82323,331.84570,42.84238
-78.29379,304.93414,38.65564
-61.98251,277.29352,34.88757
-40.12807,253.35870,31.49630
-29.03464,229.83249,28.44417
-13.13501,208.77525,25.68506
-9.22157,293.43353,36.04689
11.60716,369.34738,45.37254
20.93872,332.81201,40.94497
47.08937,297.31027,36.96015
50.93165,266.99350,33.37382
61.05844,237.80699,30.14612
100.82531,310.30841,40.06184
146.86659,370.94269,48.98600
153.64238,326.50644,44.30676
207.18967,376.87659,52.80642
263.82806,415.72647,60.45612
249.58260,367.24973,54.52018
245.48235,316.47415,49.17785
230.34117,278.43472,44.36974
223.17633,237.65858,40.03026
281.94287,281.94293,48.95757
348.17447,306.95712,56.99215
322.41528,266.72525,51.37825
305.47729,221.94214,46.36229
376.01230,238.62477,54.68077
443.51144,243.82260,62.14303
507.43802,238.78232,68.85906
470.11758,186.13255,62.08284
433.54474,140.86705,55.97205
499.38156,128.21945,63.30518
453.71808,101.41805,57.08434
517.28442,81.92982,64.30624
468.52859,59.18895,57.98530
425.08002,26.74377,52.29645
488.63760,-0.00001,59.99714
440.44965,-13.84170,54.10711
499.68210,-47.23389,61.62674
550.16986,-87.13838,68.39439
595.88904,-113.67168,74.48529
529.77936,-136.02428,67.15863
468.83444,-152.33362,60.52808
413.24802,-163.61655,54.57276
367.93411,-159.21939,49.22517
322.28549,-164.21271,44.41233
286.05432,-157.25978,40.08078
248.72429,-157.84531,36.17019
306.37842,-208.21446,45.48351
346.64053,-268.88184,53.86549
296.91046,-261.76169,48.60081
336.45474,-315.95190,56.67107
356.44589,-379.57623,63.93430
365.97101,-442.38287,70.49558
381.25012,-491.50458,76.37637
373.86490,-550.12543,81.66907
358.33276,-605.90759,86.43250
305.64188,-555.96045,77.89893
243.49736,-517.45758,70.21872
228.23953,-576.46735,76.12719
224.69017,-624.10010,81.44481
195.93333,-674.40710,86.23067
183.42673,-714.39874,90.56232
124.57254,-653.03082,81.62795
110.07234,-694.97211,86.39549
69.50683,-735.30273,90.68628
41.80082,-664.40149,81.73952
-0.00000,-598.65967,84.13613
-16.96124,-539.71552,75.88952
-45.82830,-484.81287,68.43974
-84.99774,-536.65466,76.36204
-106.89017,-478.19913,68.86500
-109.89385,-428.00836,62.10375
-123.20270,-379.17889,56.03255
-121.88241,-338.54144,50.56847
-129.19910,-298.56155,45.72038
-141.71843,-257.78488,41.34318
-188.25484,-318.32156,51.97513
-246.14053,-362.18481,61.54389
-318.31821,-384.78064,70.18360
-308.20789,-328.20807,63.27657
-288.27914,-288.27911,57.29685
-354.04260,-312.13055,66.33344
-327.91531,-271.27512,59.81142
-394.87296,-286.89197,68.59655
-364.05774,-247.41336,61.86215
-341.75424,-202.11290,55.80119
-412.00937,-209.92923,64.98734
-478.54810,-207.08626,73.28271
-442.38464,-159.26833,66.07969
-403.11145,-130.97885,59.56915
-471.25281,-120.99712,68.37850
-533.33472,-101.73906,76.30692
-589.04248,-74.41338,83.44249
-534.08789,-33.60202,75.20957
-482.42175,0.00002,67.79996
-434.11343,27.31208,61.13129
-494.53555,46.74730,69.81227
-442.44223,70.07595,62.95630
-499.22687,95.23262,71.42693
-544.80243,139.88148,79.05050
-486.98163,141.48126,71.27071
-430.16867,154.87021,64.25497
-383.31918,151.76683,57.94080
-336.53635,158.36192,52.27198
-294.11676,161.69203,47.17003
-255.88139,162.38725,42.59220
-221.46321,160.90251,38.47216
-195.37411,151.54768,34.75019
-167.66837,147.81953,31.41435
-142.95047,142.95047,28.41209
-125.22866,133.35498,25.71005
-105.51542,127.54619,23.26430
-91.85754,118.42205,21.06312
-76.26173,112.21575,19.06815
-65.90697,103.85272,17.28659
-103.94695,189.07883,30.32420
-88.56550,173.81963,27.41703
-70.04353,161.86099,24.78667
-97.11022,245.27237,37.07427
-105.83366,325.72247,48.13311
-102.78449,400.31915,58.08607
-69.84931,366.16293,52.38880
-68.91821,435.13257,61.91619
-47.22049,499.53952,70.51867
-34.95276,555.55878,78.23307
0.00004,501.88272,70.53502
28.40560,451.49493,63.57894
38.40002,406.22919,57.34629
57.58785,363.59503,51.73692
72.46843,324.20523,46.68848
100.48380,391.35864,56.78590
112.64864,346.69687,51.23257
111.40303,309.43408,46.22065
117.90547,272.46347,41.72383
121.70745,238.86429,37.67670
116.66463,212.21216,34.03429
123.00693,180.99925,30.75611
185.11284,238.64619,42.44677
240.23836,290.39838,52.96836
232.80887,247.91618,47.79678
223.70207,210.07025,43.12844
285.98343,252.12834,53.58186
354.14496,274.70288,62.98994
411.34033,298.85611,71.45722
394.64279,233.39096,64.43675
362.38202,199.22130,58.11833
337.56494,158.84608,52.43175
404.57520,175.07541,61.95484
472.14890,169.98413,70.52563
430.47156,139.86852,63.61223
395.42728,101.52851,57.37626
359.44885,80.34637,51.76389
328.28638,51.99547,46.71275
298.70035,28.23550,42.16673
374.35596,23.55249,52.71633
442.65399,-0.00001,62.21096
399.08279,-12.54169,56.11512
460.75720,-58.20698,65.26987
516.80090,-81.85326,73.53699
562.11432,-125.64778,80.94955
598.69983,-173.93814,87.62086
534.49438,-173.66783,78.98404
567.97070,-224.87561,85.85191
505.38223,-218.69852,77.39198
442.38159,-225.40475,69.77803
385.38693,-227.91731,62.92548
420.18320,-285.55609,71.39920
370.54648,-269.21790,64.37061
398.57571,-329.73068,72.69982
349.81409,-308.40253,65.54118
297.27328,-297.27322,59.08448
250.67709,-284.33731,53.27345
209.64212,-270.26895,48.07136
181.41003,-249.68942,43.37556
149.26091,-235.19775,39.14934
128.07333,-216.56017,35.35966
103.20502,-202.55125,31.94895
131.84830,-280.19156,43.52032
102.92323,-259.95444,39.29354
85.53838,-237.59164,35.48944
92.71874,-319.14008,46.70676
100.51308,-391.47198,56.80236
87.84834,-460.51614,65.88839
53.00694,-419.59357,59.43872
45.70887,-483.54752,68.26112
13.75549,-437.70886,61.54634
-12.40488,-394.72977,55.50304
-43.33684,-458.45596,64.71901
-65.11275,-515.42059,73.01337
-87.78002,-460.15903,65.83730
-92.12280,-412.13373,59.35099
-135.35010,-465.87811,68.18216
-135.17001,-416.01050,61.47528
-145.21393,-366.76855,55.43909
-182.72380,-422.24982,64.66145
-199.86670,-363.55621,58.30664
-256.36813,-403.97156,67.24224
-253.62892,-349.09024,60.64327
-302.41867,-389.87579,69.34521
-294.26154,-333.77420,62.53595
-274.75046,-292.57956,56.40760
-263.89908,-247.81773,50.87818
-323.35849,-285.07889,60.58446
-389.57819,-302.18781,69.29228
-367.74271,-249.91766,62.48831
-338.62268,-214.89650,56.36473
-317.08414,-174.31848,50.85351
-290.86871,-148.20499,45.87950
-270.36758,-116.99850,41.40288
-250.30095,-90.11391,37.38785
-228.46063,-74.23135,33.76040
-210.26700,-53.98738,30.50961
-191.63954,-42.83649,27.59782
-175.33846,-27.77088,24.94938
-159.39601,-20.13640,22.57969
-145.20073,-9.13527,20.44698
-236.00650,0.00001,33.16855
-213.19183,6.69981,29.97695
-294.69260,37.22832,41.74552
-365.80258,69.78058,52.33724
-325.49252,83.57228,47.22877
-387.56754,125.92834,57.27216
-443.93466,159.82628,66.31122
-390.44785,168.96185,59.79143
-341.95541,174.23503,53.93754
-298.07343,176.28011,48.66904
-344.67410,234.24037,58.56841
-388.43304,282.21326,67.47783
-413.90753,342.41406,75.49632
-441.61386,389.33496,82.74078
-375.36649,375.36649,74.60587
-316.60565,359.11847,67.28446
-275.40976,332.91309,60.72302
-290.32327,399.59579,69.41698
-308.92224,454.56534,77.24155
-252.29730,426.61151,69.65657
-250.21065,491.06619,77.45718
-255.93170,543.88275,84.47773
-237.89934,600.86499,90.82406
-179.97592,553.90881,81.85298
-146.46045,504.12054,73.77901
-125.98568,563.62689,81.16738
-81.45128,514.26324,73.17590
-44.18370,467.41379,65.98357
-26.58792,422.60336,59.51046
0.00003,381.98627,53.68467
21.63630,343.89987,48.42754
29.26896,309.63278,43.71004
43.91181,277.24799,39.45037
55.26150,247.22581,35.60275
56.92145,221.69444,32.16773
96.12412,295.83963,43.71722
141.73724,357.98743,54.11177
179.34808,414.44897,63.46686
184.92050,362.92688,57.24543
187.06316,316.30670,51.64614
177.74635,280.08340,46.62070
176.00784,242.25397,42.08389
165.78419,213.72783,38.01467
161.57884,183.27525,34.33846
229.78506,229.78513,45.67088
213.92235,200.88649,41.24297
204.26555,168.98325,37.25784
189.30792,146.84221,33.67123
265.23837,180.25591,45.07037
244.36142,155.07655,40.67467
229.12267,125.96131,36.74638
307.98962,144.92899,47.83801
282.05978,122.05823,43.19337
359.10654,129.28636,53.64031
330.81519,96.11074,48.41545
402.07034,103.23416,58.34017
367.85861,70.17281,52.63141
333.87125,52.88002,47.50744
407.67786,38.53691,57.55080
369.15561,11.60118,51.90705
333.29532,-0.00000,46.84160
300.16446,-18.88476,42.26878
270.26956,-25.54801,38.15324
242.10132,-38.34510,34.44925
216.16405,-48.31852,31.12958
193.94894,-49.79765,28.14187
172.24307,-55.96519,25.45294
249.42360,-98.75383,37.70175
318.00485,-137.61305,48.69785
278.56876,-141.93793,43.93940
242.96313,-143.68806,39.67071
215.33302,-136.65456,35.84281
270.69608,-196.67230,47.02480
320.96606,-248.96669,57.08858
274.89847,-242.35555,51.50498
317.02612,-297.70721,61.12075
339.99579,-362.05865,69.80277
365.09229,-414.11584,77.58877
305.07864,-393.30493,69.95515
263.78232,-363.06512,63.07096
216.89566,-341.77316,56.88913
185.90176,-314.34271,51.32547
196.91708,-386.47153,60.95919
210.94827,-448.28732,69.62954
186.63242,-518.39075,77.43285
185.76015,-571.71100,84.48367
134.76788,-524.88538,76.16056
91.55670,-479.95602,68.66976
68.91567,-435.11807,61.91412
37.39679,-395.61526,55.84796
29.05385,-461.79541,65.02943
-0.00000,-416.24170,65.92622
-30.10248,-478.46524,75.93130
-40.67928,-430.34192,68.46331
-61.19828,-386.39078,61.96113
-76.99919,-344.47455,55.90581
-105.06441,-409.19888,66.91293
-129.09755,-358.58224,60.36243
-126.55833,-319.64987,54.45133
-132.33037,-281.21634,49.22520
-185.23904,-336.94858,60.90039
-229.50266,-388.06784,71.40805
-228.57475,-336.33752,64.40804
-276.83624,-381.03238,74.59621
-336.99170,-407.35300,83.73429
-397.45038,-423.24170,91.95856
-370.68103,-370.68100,83.02864
-354.49506,-312.52942,74.85092
-344.73929,-250.46771,67.49097
-412.28772,-261.64575,77.33958
-379.03760,-224.16222,69.74641
-353.83246,-180.28661,62.89691
-418.20889,-196.79419,73.20492
-387.40930,-153.38618,65.99393
-451.43091,-162.52519,75.99224
-415.42938,-120.69343,68.51817
-380.64401,-85.08398,61.77585
-347.39468,-55.02192,55.70777
-418.02380,-52.80869,66.73470
-379.25189,-23.86055,60.18637
-342.72125,-10.77044,54.30852
-309.33765,9.72131,49.01846
-278.87878,17.54555,44.25740
-250.38603,31.63111,39.97245
-225.31757,35.68679,36.13164
-201.23643,44.98170,32.65926
-180.61278,46.37348,29.53413
-160.45552,52.13517,26.72150
-238.61356,94.47381,40.64706
-212.70067,92.04379,36.70750
-279.22321,142.27136,49.63445
-243.53015,144.02330,44.81179
-297.27853,202.03036,56.92831
-338.40906,262.49692,67.83318
-377.74213,312.49542,77.64757
-322.28546,302.64621,70.02360
-355.45844,355.45844,79.61893
-299.71646,339.96143,71.78219
-326.92505,395.18436,81.23296
-271.84189,374.15836,73.25045
-234.45927,344.99640,66.06619
-191.55319,323.89880,59.60036
-213.64107,388.61172,70.23803
-170.31497,361.93787,63.35501
-132.85468,335.55252,57.16030
-110.29189,306.34744,51.56942
-110.99111,382.03421,63.01018
-101.00889,451.88730,73.33815
-78.36594,410.80869,66.23898
-47.28626,374.30872,59.75587
-21.38285,339.87103,53.93672
-12.91876,411.07953,65.14075
14.91841,474.71359,75.22438
26.89577,427.49683,67.84273
60.44583,381.63956,61.19924
84.79944,444.53494,71.67702
101.51138,395.36078,64.65010
113.79708,350.23141,58.32589
112.56881,312.67215,52.63409
119.09544,275.21332,47.49582
170.10248,333.84488,59.34394
225.00047,380.45523,70.00726
213.63223,336.63052,63.14732
211.31949,290.85626,56.94209
262.54483,338.47098,67.84558
324.38361,367.94107,77.69001
312.79056,312.79065,70.06180
299.29910,263.86768,63.19641
284.37357,220.58266,57.00191
268.63174,182.56203,51.44251
247.56079,157.10693,46.43904
323.07486,177.61200,58.39285
296.43701,151.04210,52.69435
275.70886,119.30994,47.58134
252.12306,99.82249,42.94835
232.94951,75.68980,38.79431
214.37915,55.04323,35.05566
196.93233,37.56686,31.75346
282.97974,35.74866,45.17582
256.35333,24.23253,40.78338
232.52060,7.30725,36.84583
210.25574,-6.60756,33.31768
189.36833,-17.90059,30.12670
170.62526,-21.55491,27.23918
152.81778,-29.15149,24.64041
237.11865,-60.88175,38.77407
210.29663,-68.32955,35.02180
187.98540,-67.67883,31.64477
165.66284,-71.68875,28.58980
145.54315,-74.15797,25.87161
216.73994,-128.17972,39.88215
192.01326,-121.85538,36.01908
166.38374,-120.88492,32.57361
143.30341,-118.55096,29.45704
122.66712,-115.19205,26.65212
107.71803,-107.71800,24.12770
91.25548,-103.50900,21.85572
76.66324,-98.83363,19.81094
66.69137,-91.79277,17.97063
55.19271,-86.96986,16.31436
47.64285,-80.55965,14.82372
38.55529,-75.66901,13.45085
77.16259,-163.97864,28.70347
60.36977,-152.47665,25.97391
41.39771,-142.49190,23.50167
33.43248,-130.21071,21.29229
22.83803,-119.72088,19.30385
13.84704,-109.61071,17.49861
9.44123,-99.87738,15.88954
2.86089,-91.03556,14.42574
-0.00000,-186.96376,29.61215
-17.14565,-272.52228,43.24864
-23.21124,-245.54932,39.06456
-34.86430,-220.12456,35.29889
-43.92789,-196.52205,31.89415
-79.79935,-274.67120,45.30244
-79.82354,-245.67157,40.91298
-85.83718,-216.80000,36.93119
-133.97173,-284.70438,49.83577
-176.22859,-345.86807,61.48117
-231.18262,-390.90848,71.93076
-230.24423,-338.79410,64.87847
-217.21767,-298.97446,58.53141
-278.80365,-337.01575,69.27597
-341.20969,-363.35141,78.94608
-391.30936,-391.30933,87.64916
-374.26373,-329.95786,79.02504
-355.44342,-275.71014,71.24768
-335.42044,-227.95148,64.23241
-396.65387,-251.72421,74.40688
-371.11520,-204.02231,67.07569
-345.58911,-162.62190,60.49327
-411.64899,-178.13641,71.04164
-380.56314,-137.01122,64.06262
-445.87589,-144.87386,74.25406
-409.35318,-105.10400,66.93816
-371.97842,-83.14700,60.36949
-339.69669,-53.80267,54.47333
-309.04916,-29.21374,49.16678
-383.41980,-24.12277,60.84781
-450.55386,0.00002,71.36073
-509.28525,32.04149,80.82236
-456.52347,57.67231,72.88091
-409.91599,64.92431,65.73360
-466.79736,104.34164,75.75795
-414.24573,120.34953,68.32294
-370.08038,120.24642,61.63144
-326.44626,129.24925,55.60908
-286.72217,134.92116,50.18896
-347.48035,177.05013,61.76777
-302.87497,179.11972,55.73178
-268.13983,170.16669,50.29939
-231.87247,168.46529,45.39460
-204.52222,158.64366,40.99593
-175.40836,154.64326,37.03712
-229.95325,215.94048,49.96240
-188.33772,213.62712,45.10695
-163.94774,198.17871,40.73704
-197.65860,272.05380,53.26104
-162.64391,256.28571,48.07572
-132.03577,240.17221,43.40894
-112.34267,220.48497,39.19319
-88.80204,205.20935,35.41467
-74.40842,187.93419,32.01399
-56.48968,173.85733,28.95338
-46.14869,158.84496,26.19883
-55.33544,247.55626,40.17665
-52.10715,328.99167,52.75669
-38.07415,402.78156,64.07872
-29.44327,467.98782,74.26855
0.00005,526.81555,83.43939
36.35110,577.78540,91.69315
49.11744,519.60754,82.66463
73.63677,464.92383,74.55460
115.27579,515.71442,83.69684
144.33727,562.15668,91.92486
193.79855,596.45062,99.33007
246.35799,622.22925,105.99477
280.82166,648.94055,111.99299
289.36172,567.90430,100.95013
345.34897,583.95349,107.45281
327.80411,516.53656,96.89525
385.34418,530.38062,103.83472
442.89594,535.36938,110.04895
414.13223,469.74091,99.18485
399.15787,399.15796,89.40717
446.74026,419.51709,97.06415
505.72528,418.37256,103.95544
467.53601,362.65793,93.71632
527.11908,358.22998,100.94239
583.91571,345.32660,107.44585
535.80597,294.56195,96.84206
498.54553,234.59782,87.26736
551.27649,238.55876,95.13832
509.48755,183.42688,85.76529
464.34341,150.87413,77.32954
426.47147,109.49931,69.73738
387.59790,86.63844,62.90443
353.92386,56.05604,56.75478
321.95566,30.43378,51.22009
291.36459,18.33111,46.23886
263.73428,-0.00000,41.77141
238.23093,-7.48671,37.75070
213.80208,-27.00939,34.13206
192.44135,-30.47973,30.85965
172.00046,-38.44676,27.91447
153.08109,-44.47411,25.24817
137.29312,-44.60926,22.86415
121.62553,-48.15498,20.71852
204.40388,-88.45351,35.27566
271.97375,-138.57761,48.34579
332.56955,-182.83174,60.10892
376.87015,-239.16919,70.69573
325.71716,-236.64749,63.76695
359.93866,-297.76730,73.98795
316.03406,-278.62143,66.72995
342.22446,-342.22437,76.65466
369.91171,-393.91586,85.58689
376.92682,-455.62616,93.65719
374.41284,-515.33496,100.88917
363.33533,-572.52539,107.39796
311.10806,-526.05499,96.79896
250.12016,-490.88843,87.25986
238.54173,-551.23749,95.13158
199.32555,-503.43890,85.75921
150.86362,-464.31052,77.32407
122.83233,-422.79175,69.73246
86.63228,-387.57071,62.90000
86.61067,-454.02811,73.20771
49.01060,-518.47614,82.48463
14.74414,-469.16840,74.34567
-0.00000,-422.11426,74.43010
-23.90995,-380.03772,67.14337
-32.33529,-342.07169,60.58532
-64.72086,-408.63141,72.95085
-81.39805,-364.15393,65.79469
-83.73702,-326.13422,59.37149
-93.91883,-289.05240,53.59063
-101.02119,-255.15041,48.38784
-98.43922,-227.47966,43.70534
-102.16988,-200.51968,39.68211
-103.55427,-175.10072,35.87017
-98.57780,-155.33379,32.43944
-97.78619,-134.59113,29.33441
-99.60266,-112.97704,26.55725
-93.80319,-99.89026,24.16200
-90.47555,-84.96220,21.88472
-84.45451,-74.45667,19.85253
-80.68925,-62.58899,18.00620
-75.07092,-54.54221,16.36186
-158.73499,-100.73630,33.14974
-146.23215,-86.48145,29.95632
-137.11389,-69.86301,27.13433
-127.92049,-55.35614,24.57718
-117.46060,-46.50594,22.27574
-207.50816,-67.42348,38.47224
-293.61084,-65.62977,53.04908
-370.63885,-58.70343,66.16824
-438.73407,-55.42500,77.97548
-501.49557,-31.55148,88.60200
-453.12473,0.00002,79.89808
-511.48599,32.17995,90.36707
-458.39212,57.90838,81.46928
-409.24023,78.06675,73.46126
-363.94083,93.44412,66.25405
-322.36899,104.74405,59.76756
-287.76910,103.60323,53.92972
-253.43979,109.67318,48.69303
-222.14989,113.19105,43.96264
-193.90668,114.67606,39.72266
-259.57657,164.73228,54.20919
-224.48599,163.09869,48.92718
-272.93130,225.78839,62.45853
-239.72493,211.34595,56.35159
-268.42151,285.83987,69.14050
-233.96573,265.38190,62.38273
-259.19794,334.15604,74.56853
-272.66522,401.21475,85.53574
-234.35762,369.28839,77.12108
-190.01608,345.63803,69.54789
-195.63333,415.74216,81.01717
-152.51846,385.21759,73.05436
-126.57577,351.57764,65.88784
-122.97638,423.28781,77.72312
-93.91533,492.32144,88.37488
-69.63115,551.18640,97.96146
-47.12012,498.47775,88.28687
-14.18254,451.29343,79.61446
12.78891,406.95151,71.79192
23.06439,366.59866,64.76901
41.54511,328.86368,58.44839
63.01466,397.85849,71.02762
116.14417,452.35178,82.34893
162.17516,499.12384,92.53810
160.32919,445.33182,83.45793
169.64732,392.03183,75.32052
221.97221,435.64496,86.21253
224.65131,379.86481,77.81702
223.91820,329.48572,70.24369
272.15805,374.59332,81.64339
332.23087,401.59821,91.90311
392.63983,418.11884,101.13687
478.26245,395.65332,109.44725
498.69553,316.48196,104.14609
566.91455,288.85721,112.19028
568.89691,204.81557,106.61481
628.28760,161.31691,114.37739
608.22467,96.33335,108.58321
585.07507,36.80981,103.36845
559.33875,-17.57794,98.67516
603.34613,-76.22009,107.23170
636.11755,-142.18951,114.93259
588.36176,-191.17041,109.08290
532.74634,-250.69119,103.81818
546.04803,-322.93207,111.86042
487.80420,-354.41068,106.31794
431.06604,-380.03574,101.32970
375.95935,-400.35593,96.84029
322.56946,-415.85394,92.79982
270.95193,-426.95227,89.16341
238.26295,-506.33389,98.67113
181.44148,-503.97244,94.44758
127.79807,-497.73984,90.61166
88.69553,-560.00372,99.97456
19.31041,-614.47046,108.40117
-36.74528,-584.04950,103.18725
-98.73705,-623.40118,111.29259
-167.25461,-651.41376,118.58740
-215.77583,-599.34045,112.32013
-288.58792,-613.28052,119.51218
-326.71194,-552.43976,113.16979
-418.19955,-539.13965,120.31161
-442.08054,-470.76797,113.87192
-514.35724,-453.46692,120.90879
-524.92920,-381.38333,114.40938
-603.29456,-331.66400,121.39250
-597.83960,-258.70831,114.86208
-656.95374,-213.45721,121.79993
-637.75684,-142.55550,115.22877
-689.55981,-65.18259,122.12995
-655.08112,0.00003,115.50842
-618.52661,58.46788,109.54905
-580.40039,110.71730,104.18561
-541.11621,157.20883,99.35851
-561.32581,242.90735,107.84673
-510.16589,280.46603,102.65353
-508.42484,369.39243,110.81224
-448.05170,395.01068,105.32249
-439.52756,468.04929,113.21430
-373.61234,481.65820,107.48434
-310.95517,489.98676,102.32737
-284.55347,558.46777,110.51870
-219.29813,553.88373,105.04094
-158.42670,545.30865,100.12831
-101.70708,533.16724,95.70695
-48.95656,517.90527,91.72773
0.00004,499.90344,88.14642
45.31561,479.38837,84.90588
101.45483,453.88297,82.00676
139.11562,428.15387,79.38019
173.46674,400.85797,77.01627
204.65565,372.26724,74.90611
232.56073,342.20282,72.95487
303.96271,367.42789,84.08345
325.33838,325.33844,81.12766
342.81107,283.59811,78.45007
426.30917,270.54416,89.02914
432.44254,220.34033,85.57877
503.28391,199.26401,95.44495
497.51749,144.54225,91.35301
560.65826,106.95132,100.64178
543.63788,34.20280,96.04751
520.90729,-16.37019,91.89531
496.02856,-62.66277,88.15833
537.04248,-137.88913,97.76656
492.72452,-195.08353,93.44245
518.23602,-264.05453,102.55700
468.16998,-297.10983,97.77122
418.67480,-324.75732,93.42928
423.79749,-397.97217,102.51042
415.11691,-470.85764,110.68344
393.48331,-541.58319,118.03916
322.48373,-545.29022,111.70516
255.97112,-543.96558,106.00456
193.75383,-538.17126,100.85665
154.05696,-600.01123,109.22979
103.56142,-653.86359,116.73088
43.97247,-698.91888,123.48186
-41.38261,-657.75775,128.10791
-109.08224,-688.71814,135.54195
-163.66315,-637.42590,127.92191
-210.77316,-585.44501,120.94939
-282.78491,-600.94849,129.09929
-376.09317,-592.62805,136.43419
-405.28534,-522.49072,128.53412
-428.22272,-456.01089,121.59579
-444.55011,-391.92368,115.19864
-455.49786,-330.93851,109.44120
-525.80524,-310.96036,118.74191
-591.70038,-278.43307,127.11255
-651.74286,-234.64195,134.64612
-632.45770,-162.38750,126.92486
-683.30798,-108.22536,134.47720
-725.55536,-45.64815,141.31248
-683.59857,21.48291,132.94366
-640.00275,80.85114,125.39266
-668.24060,149.36957,133.09822
-685.14941,222.61858,140.03323
-622.24957,269.27142,131.79234
-560.71082,308.25336,124.37554
-500.81076,340.35077,117.70042
-442.66882,366.20749,111.67373
-439.40146,439.40146,120.78934
-375.38663,453.76431,114.47284
-314.57883,462.88876,108.78799
-256.89331,467.28726,103.65254
-202.37340,467.65723,99.04972
-150.84885,464.26495,94.88809
-102.28492,457.59592,91.14263
-56.59386,447.98584,87.77171
-16.03661,510.29053,99.23937
30.71288,488.16815,95.07787
85.15842,537.66852,105.81491
147.74271,575.41998,115.47825
191.15677,530.95880,109.69285
228.87097,486.37521,104.48599
275.05469,433.41678,99.78074
301.32944,388.47186,95.56509
323.12195,344.08984,91.75194
396.78723,349.81503,102.82157
409.13556,297.25424,98.30184
417.28131,246.77934,94.23409
489.02631,230.11841,105.05550
485.55338,174.81004,100.31239
478.57837,122.87809,96.04357
468.59360,74.21795,92.22073
455.73526,28.67244,88.76109
512.83722,-48.47742,100.12981
557.70508,-106.38771,110.36166
590.89990,-171.67206,119.60848
542.38159,-214.74416,113.39099
494.29025,-251.85355,107.83340
509.49277,-323.33411,117.29489
452.54727,-351.03149,111.32783
451.67606,-424.15189,120.43987
437.65579,-496.42294,128.64072
367.52130,-505.84955,121.53907
301.59753,-509.97357,115.16666
271.46872,-576.89966,123.93300
229.65538,-637.89148,131.78453
177.64600,-691.88434,138.85092
105.22320,-664.35565,130.74733
44.55160,-708.12378,137.91743
-23.32947,-742.35565,144.37051
-120.86136,-763.08862,150.17830
-198.82536,-774.37372,155.40530
-253.84460,-705.08057,145.66536
-299.78708,-637.07996,136.86127
-375.58701,-635.08301,143.41997
-451.53632,-621.48639,149.32280
-476.82211,-540.84851,140.15295
-494.58270,-464.44409,131.88100
-564.78137,-438.08929,138.93773
-631.08966,-400.50171,145.28879
-625.79553,-318.85870,136.52234
-615.28632,-243.60907,128.63254
-600.40112,-174.43271,121.53172
-581.95337,-111.01357,115.16005
-560.44745,-52.97787,109.42554
-610.80188,0.00003,118.72782
-574.99304,72.63850,112.65562
-538.16760,120.29479,107.19066
-500.30017,162.55740,102.25311
-461.71063,199.80002,97.79022
-479.37231,283.49994,108.25603
-429.57141,312.10205,103.21194
-380.77502,335.69833,98.67225
-333.10449,354.72025,94.58653
-332.25427,428.33972,105.37271
-332.77402,489.66217,115.08027
-271.07053,493.07550,109.37284
-212.93106,492.05450,104.21706
-181.29597,557.97156,114.04018
-121.69327,544.42377,108.43675
-76.00469,601.63818,117.87608
-18.07765,575.23724,111.86997
39.06315,620.89215,120.92781
92.24184,582.39148,114.61653
157.87741,614.89203,123.39970
203.61395,565.56000,116.84124
243.04692,516.50061,110.95772
276.70807,467.88803,105.66254
348.77933,480.05347,115.34112
372.90204,422.97443,109.60760
458.80151,404.48798,118.89167
529.60767,384.78232,127.24734
532.72296,315.05130,120.30412
598.24512,281.51291,128.51852
587.95178,211.67577,121.46728
645.61517,165.76587,129.56538
698.49963,88.24105,136.85368
737.43280,23.17476,143.41315
692.48944,-43.56777,134.87242
646.25861,-102.35735,127.18577
594.15704,-172.61833,120.26778
545.49359,-215.97629,114.04159
496.97418,-253.22110,108.41893
511.78186,-324.78680,117.82188
443.32898,-366.75381,111.84028
387.26343,-387.26334,106.45684
380.57816,-460.03986,116.05598
360.68768,-530.73572,124.73338
275.69537,-541.08258,118.04154
239.53670,-605.00067,126.48222
192.44133,-662.38757,134.07883
135.84218,-712.10815,140.91577
64.20992,-679.26752,132.62479
-0.00000,-641.62506,136.38159
-64.11072,-678.22064,144.80286
-120.44073,-631.37244,136.62228
-169.65994,-583.97339,129.25978
-212.42378,-536.52124,122.65431
-282.89078,-555.20441,132.44832
-316.42935,-498.61288,125.52400
-343.91904,-443.37775,119.27132
-366.53058,-390.31543,113.81024
-383.70398,-338.28058,108.72894
-413.81546,-262.61530,104.17656
-485.49387,-247.37144,115.81833
-483.42270,-191.40059,110.51543
-477.53989,-138.73820,105.70123
-541.57251,-103.31050,117.19054
-597.32318,-56.46366,127.53091
-643.76880,0.00003,136.83725
-680.14142,64.29219,145.21295
-632.88599,120.72945,136.94980
-585.21106,170.01958,129.53375
-537.32703,212.74286,122.83852
-489.66260,249.49562,116.81281
-494.91382,336.34323,127.19096
-448.49112,347.88531,120.64684
-434.60229,434.60229,130.64159
-418.74936,506.18085,139.63687
-348.71350,513.11646,131.86894
-283.03217,514.83368,124.87781
-221.56979,512.01746,118.58578
-164.16867,505.25916,112.92297
-126.98392,568.09277,123.73169
-52.04667,550.59509,117.55429
0.00005,601.52606,127.85828
40.50953,643.88184,137.13188
114.26273,598.98718,129.61446
162.29271,632.08856,138.71245
234.10612,650.25531,146.90062
329.49878,646.67767,154.26999
405.61365,639.14484,160.90242
435.43143,561.35516,151.00793
508.73798,541.75073,157.96657
579.56464,510.95502,164.22934
586.23096,425.92154,154.02296
650.66992,384.80487,160.68008
719.63702,311.41489,166.67151
698.99023,227.11543,156.22092
674.07758,150.67426,146.81538
719.70227,90.91957,154.19328
756.48389,23.77347,160.87497
709.01630,-44.60756,151.00403
660.39117,-104.59573,142.12018
611.18304,-156.92520,134.12473
624.51978,-247.26498,142.77168
573.89111,-270.05246,134.81503
516.42645,-305.41391,127.52929
520.81421,-378.39386,136.83578
498.00751,-467.66000,145.21164
425.69034,-482.85080,136.82387
372.76434,-480.56482,129.27487
308.75760,-486.52454,122.48078
264.99921,-563.15125,132.29213
199.55083,-554.27295,125.21709
138.29659,-618.70361,134.75481
84.51912,-669.03845,143.33876
22.32357,-710.35114,151.06432
-46.67929,-741.94617,158.01732
-109.19518,-689.43127,148.36978
-163.40860,-636.43457,139.66620
-210.09387,-583.55823,131.83296
-249.95723,-531.18616,124.78305
-321.78232,-544.10425,134.36418
-395.40433,-544.22736,142.98720
-419.52631,-475.85916,134.84265
-437.30798,-410.65955,127.51257
-460.14056,-334.31165,120.89471
-519.99249,-329.99728,130.90625
-519.66370,-264.78183,123.96980
-584.54156,-231.43637,133.63225
-643.01532,-186.81328,142.32845
-620.12012,-118.29427,134.18741
-595.65399,-37.47543,126.86048
-565.52905,17.77243,120.26624
-608.17511,76.83037,130.29904
-639.70313,142.99069,139.32857
-588.32373,191.15800,131.48752
-606.19690,262.32480,140.39819
-601.01404,355.43863,148.41780
-543.54364,369.39203,139.68863
-477.96515,395.40714,131.85316
-468.15408,468.15408,140.72728
-398.27286,481.42902,132.80873
-332.35297,489.04260,125.68205
-306.36655,557.27875,135.17328
-268.60049,620.69891,143.75697
-197.01273,606.34271,135.51466
-147.80820,661.25513,144.02263
-80.04687,633.63519,135.75375
-18.96150,603.36157,128.31177
35.92545,571.01984,121.61397
85.08279,537.19098,115.60677
128.93365,502.16354,110.20028
193.21191,536.66718,121.23968
230.85956,490.60117,115.24910