-0.00000,-13.00000,-0.00000
-1.12930,-11.94674,-0.00000
-2.61772,-11.71100,-0.00000
-4.32624,-13.31479,-0.00000
-4.76577,-11.01306,-0.00000
-6.10850,-10.32890,-0.00000
-8.22899,-11.32624,-0.00000
-8.59705,-9.75144,-0.00000
-37.17740,-34.91190,-0.00000
-11.82059,-7.50158,-0.00000
-49.89637,-25.42346,-0.00000
-13.44411,-3.90588,-0.00000
-11.78745,-2.24858,-0.00000
-21.90236,-2.07038,-0.00000
-14.99260,0.47116,-0.00000
-11.90538,1.50400,-0.00000
-17.56650,3.92658,-0.00000
-11.29057,4.06485,-0.00000
-12.66758,5.96091,-0.00000
-10.75205,7.30709,-0.00000
-9.24616,7.64909,-0.00000
-15.74458,16.76628,-0.00000
-7.05342,9.70820,-0.00000
-7.12658,12.05039,-0.00000
-5.95722,13.76632,-0.00000
-2.47214,7.60845,-0.00000
-2.43596,12.76973,-0.00000
-1.41163,14.93343,-0.00000
0.00000,14.00000,-0.00000
1.12930,11.94674,-0.00000
4.14472,18.54242,-0.00000
5.25329,16.16796,-0.00000
5.56007,12.84857,-0.00000
8.18981,14.89721,-0.00000
7.05342,9.70820,-0.00000
9.25836,10.50156,-0.00000
9.75144,8.59706,-0.00000
8.09017,5.87785,-0.00000
10.32891,6.10849,-0.00000
18.09654,8.51559,-0.00000
7.60845,2.47213,-0.00000
9.75917,2.18143,-0.00000
13.93787,1.31752,-0.00000
10.00000,-0.00000,-0.00000
7.93692,-1.00266,-0.00000
11.71100,-2.61773,-0.00000
13.17233,-4.74233,-0.00000
10.85793,-5.10935,-0.00000
12.91113,-7.63562,-0.00000
10.51722,-7.64121,-0.00000
7.50111,-6.61312,-0.00000
16.42913,-17.49524,-0.00000
7.64121,-10.51722,-0.00000
4.58137,-7.74668,-0.00000
9.36715,-19.90619,-0.00000
3.70820,-11.41268,-0.00000
1.96329,-8.78325,-0.00000
1.88000,-14.88172,-0.00000
-0.00000,-14.00000,-0.00000
-1.22341,-12.94231,-0.00000
-3.90588,-13.44411,-0.00000
-3.31312,-8.36799,-0.00000
-8.18981,-14.89721,-0.00000
-5.87785,-8.09017,-0.00000
-5.95181,-6.75100,-0.00000
-10.50155,-9.25837,-0.00000
-8.09017,-5.87785,-0.00000
-6.88594,-4.07233,-0.00000
-15.60183,-6.75151,-0.00000
-11.41268,-3.70820,-0.00000
-7.80733,-1.74515,-0.00000
-22.81864,-2.88266,-0.00000
-8.00000,0.00000,-0.00000
-9.92115,1.25333,-0.00000
-12.68692,2.83586,-0.00000
-6.58617,2.37116,-0.00000
-10.85792,5.10935,-0.00000
-12.91113,7.63562,-0.00000
-6.47214,4.70228,-0.00000
-7.50111,6.61312,-0.00000
-9.25837,10.50155,-0.00000
-5.87785,8.09017,-0.00000
-4.81754,8.76307,-0.00000
-4.78562,12.08709,-0.00000
-3.62688,12.48382,-0.00000
-2.24858,11.78745,-0.00000
-1.22341,12.94230,-0.00000
0.31411,9.99506,-0.00000
0.50133,3.96846,-0.00000
3.48166,13.56016,-0.00000
3.38738,9.40881,-0.00000
3.40624,7.23862,-0.00000
8.65370,14.63262,-0.00000
5.51616,7.11140,-0.00000
8.21457,8.74762,-0.00000
12.75189,11.24230,-0.00000
10.51722,7.64121,-0.00000
8.60742,5.09041,-0.00000
18.09654,8.51559,-0.00000
9.51057,3.09017,-0.00000
9.82287,1.87381,-0.00000
14.93343,1.41163,-0.00000
9.99507,-0.31411,-0.00000
11.90538,-1.50399,-0.00000
12.48382,-3.62688,-0.00000
11.15732,-4.41750,-0.00000
13.36510,-6.80986,-0.00000
10.75205,-7.30708,-0.00000
9.00133,-7.93574,-0.00000
9.58366,-10.20556,-0.00000
4.70228,-6.47214,-0.00000
9.15332,-16.64983,-0.00000
4.40360,-12.23145,-0.00000
3.73035,-14.52875,-0.00000
2.34651,-14.81533,-0.00000
0.43975,-13.99309,-0.00000
-0.56503,-8.98087,0.15707
-2.65898,-16.78814,0.29669
-3.90528,-13.44206,0.24433
-4.78489,-12.08525,0.22688
-8.17058,-16.03567,0.31414
-7.05235,-9.70672,0.20943
-7.93453,-8.99996,0.20943
-13.49994,-11.90180,0.31414
-10.51562,-7.64004,0.22688
-7.00939,-3.85344,0.13962
-15.59945,-6.75049,0.29669
-11.52177,-3.34738,0.20943
-11.78565,-2.24823,0.20943
-16.92198,-1.59960,0.29669
-12.99802,0.00000,0.22688
-9.95410,0.94094,0.17452
-18.66061,3.55970,0.33160
-7.60729,2.47176,0.13962
-11.92899,5.16214,0.22688
-12.04855,7.12549,0.24433
-10.01515,8.28525,0.22688
-12.01898,12.01898,0.29669
-7.96658,10.27045,0.22688
-6.10756,10.32733,0.20943
-7.14757,16.51707,0.31414
-4.01661,12.36185,0.22688
-2.24823,11.78565,0.20943
-1.41141,14.93115,0.26179
0.47109,14.99031,0.26179
1.50377,11.90356,0.20943
3.27165,14.63652,0.26179
4.40292,12.22959,0.22688
6.80882,13.36306,0.26179
7.86797,11.57736,0.24433
8.92257,10.78554,0.24433
12.01898,12.01898,0.29669
10.27045,7.96658,0.22688
12.90917,7.63445,0.26179
20.80785,9.79144,0.40140
11.41094,3.70763,0.20943
9.75768,2.18110,0.17452
24.79909,3.13285,0.43631
13.99787,-0.00000,0.24433
12.89553,-1.62908,0.22688
13.66075,-3.05355,0.24433
12.08525,-4.78489,0.22688
20.49003,-10.44019,0.40140
11.32451,-8.22774,0.24433
12.74995,-11.24059,0.29669
13.00441,-13.84829,0.33160
5.28926,-7.28004,0.15707
8.18856,-14.89494,0.29669
5.75767,-15.99253,0.29669
3.23248,-12.58966,0.22688
2.50628,-19.83927,0.34905
-0.00000,-14.99771,0.26179
-1.22322,-12.94033,0.22688
-4.49647,-23.57130,0.41886
-4.63455,-14.26367,0.26179
-5.16214,-11.92899,0.22688
-6.74352,-12.26642,0.24433
-7.96658,-10.27045,0.22688
-9.58220,-10.20401,0.24433
-11.06048,-8.57939,0.24433
-12.04855,-7.12549,0.24433
-17.43468,-7.54466,0.33160
-11.41094,-3.70764,0.20943
-8.78191,-1.96299,0.15707
-13.88749,-1.75440,0.24433
-13.99787,0.00000,0.24433
-11.94492,1.12913,0.20943
-14.40221,4.18423,0.26179
-12.08525,4.78489,0.22688
-20.15198,11.07864,0.40140
-11.32451,8.22774,0.24433
-10.49996,9.25696,0.24433
-15.74219,16.76372,0.40140
-8.22774,11.32451,0.24433
-8.65238,14.63039,0.29669
-8.73592,20.18752,0.38395
-4.32558,13.31276,0.24433
-2.83543,12.68498,0.22688
-2.88223,22.81516,0.40140
0.00000,13.99787,0.24433
1.12913,11.94492,0.20943
4.30911,22.58916,0.40140
5.56146,17.11641,0.31414
5.95631,13.76422,0.26179
9.16135,15.49100,0.31414
7.64004,10.51562,0.22688
8.89776,9.47515,0.22688
14.99993,13.22422,0.34905
11.57736,7.86797,0.24433
10.51408,5.78017,0.20943
14.11106,5.08030,0.26179
13.55810,3.48113,0.24433
12.83799,2.03334,0.22688
14.99031,0.47109,0.26179
14.96812,-0.94171,0.26179
14.81307,-2.34616,0.26179
13.44207,-3.90528,0.24433
13.01489,-5.15296,0.24433
13.36306,-6.80882,0.26179
11.57737,-7.86797,0.24433
10.01514,-8.28525,0.22688
14.13998,-14.13998,0.34905
7.64004,-10.51562,0.22688
7.12549,-12.04855,0.24433
7.66287,-16.28440,0.31414
4.32558,-13.31276,0.24433
4.14409,-18.53959,0.33160
0.53390,-16.98902,0.29669
-0.81578,-12.96644,0.45369
-3.55808,-18.65209,0.66309
-4.63243,-14.25716,0.52349
-5.15978,-11.92354,0.45369
-8.18482,-14.88814,0.59329
-7.96294,-10.26576,0.45369
-11.63021,-12.38492,0.59329
-9.70229,-7.04913,0.41879
-8.60218,-5.08731,0.34899
-17.42671,-7.54121,0.66309
-12.35620,-4.01477,0.45369
-13.65451,-3.05214,0.48859
-17.90920,-1.69292,0.62819
-13.99147,0.00000,0.48859
-11.89812,1.50308,0.41879
-17.55580,3.92419,0.62819
-13.30668,4.32360,0.48859
-9.04276,4.25520,0.34899
-15.48392,9.15716,0.62819
-9.47608,7.35040,0.41879
-8.74229,8.20956,0.41879
-14.54000,16.49239,0.76779
-5.87427,8.08524,0.34899
-4.08342,8.01417,0.31409
-5.07797,14.10461,0.52349
-2.61613,11.70387,0.41879
-2.75566,21.81322,0.76779
0.00000,13.99147,0.48859
1.41077,14.92433,0.52349
3.37080,17.67040,0.62819
4.01477,12.35620,0.45369
5.15978,11.92354,0.45369
11.19208,18.92479,0.76779
8.22398,11.31934,0.48859
6.15717,6.55672,0.31409
16.49239,14.54000,0.76779
9.70229,7.04912,0.41879
8.75773,4.81460,0.34899
17.42671,7.54122,0.66309
12.35620,4.01477,0.45369
12.76195,2.43447,0.45369
16.91424,1.59887,0.59329
11.98677,-0.37670,0.41879
12.88963,-1.62833,0.45369
12.47621,-3.62467,0.45369
12.07973,-4.78271,0.45369
16.91881,-8.62057,0.66309
11.31934,-8.22398,0.48859
10.49516,-9.25272,0.48859
11.63021,-12.38491,0.59329
7.04913,-9.70229,0.41879
6.61351,-11.18283,0.45369
6.38281,-13.56413,0.52349
4.01477,-12.35620,0.45369
2.61612,-11.70387,0.41879
2.88091,-22.80474,0.80269
-0.00000,-9.99391,0.34899
-0.94051,-9.94956,0.34899
-3.74534,-19.63378,0.69799
-4.01477,-12.35620,0.45369
-3.57215,-8.25476,0.31409
-8.18482,-14.88814,0.59329
-7.96294,-10.26576,0.45369
-10.26195,-10.92787,0.52349
-10.51081,-7.63655,0.45369
-10.32261,-6.10478,0.41879
-19.89407,-9.36144,0.76779
-11.40572,-3.70594,0.41879
-12.76195,-2.43447,0.45369
-17.90920,-1.69292,0.62819
-8.99008,0.28252,0.31409
-9.91510,1.25257,0.34899
-12.47621,3.62468,0.45369
-9.29210,3.67900,0.34899
-16.02835,8.16685,0.62819
-10.51081,7.63656,0.45369
-8.99585,7.93091,0.41879
-12.31434,13.11344,0.62819
-7.63655,10.51081,0.45369
-5.77752,10.50927,0.41879
-6.74740,15.59232,0.59329
-3.62467,12.47621,0.45369
-3.55808,18.65209,0.66309
-1.12954,17.95354,0.62819
0.28252,8.99008,0.31409
3.13142,24.78776,0.87248
4.01477,12.35620,0.45369
7.93812,18.34391,0.69799
9.10351,14.34483,0.59329
7.96293,10.26576,0.45369
9.18679,9.18679,0.45369
13.42445,10.41307,0.59329
10.12576,6.42601,0.41879
16.02835,8.16685,0.62819
14.25716,4.63243,0.52349
12.67919,2.83414,0.45369
23.79625,3.00617,0.83758
13.99147,-0.00000,0.48859
11.89812,-1.50308,0.41879
17.55580,-3.92420,0.62819
12.22400,-4.40091,0.45369
12.65986,-5.95727,0.48859
15.18864,-9.63901,0.62819
7.89674,-6.12533,0.34899
14.13352,-14.13352,0.69799
8.57547,-11.05543,0.48859
6.10478,-10.32261,0.41879
8.51041,-18.08551,0.69799
4.01477,-12.35620,0.45369
2.83413,-12.67919,0.45369
3.13142,-24.78776,0.87248
-0.00000,-17.97533,0.94205
-1.87742,-14.86132,0.78504
-4.13904,-18.51700,0.99438
-5.14668,-12.99903,0.73270
-6.80052,-13.34678,0.78504
-5.86980,-8.07908,0.52336
-11.22689,-12.73441,0.88971
-13.83142,-12.98857,0.99438
-11.31071,-8.21771,0.73270
-12.03387,-7.11681,0.73270
-15.58045,-6.74226,0.88971
-11.50773,-3.34331,0.62803
-14.71411,-2.80687,0.78504
-11.97764,-0.37641,0.62803
-11.95991,0.75245,0.62803
-18.63788,3.55537,0.99438
-11.39704,3.70312,0.62803
-11.91446,5.15585,0.68037
-12.25148,6.73531,0.73270
-9.23349,7.63860,0.62803
-10.59206,10.59206,0.78504
-7.34480,9.46886,0.62803
-6.95620,10.96122,0.68037
-9.06736,17.79571,1.04672
-2.77734,8.54778,0.47102
-1.96060,8.77121,0.47102
-2.50323,19.81510,1.04672
0.00000,14.97944,0.78504
1.59765,16.90136,0.88971
4.30386,22.56164,1.20372
4.01171,12.34679,0.68037
5.15585,11.91446,0.68037
11.54624,21.00253,1.25606
8.80470,12.11862,0.78504
9.24568,10.48716,0.73270
13.10345,12.30496,0.94205
12.11862,8.80469,0.78504
16.62700,9.14078,0.99438
16.91264,6.08893,0.94205
13.54158,3.47689,0.73270
18.74036,2.96818,0.99438
13.98081,-0.00000,0.73270
17.89556,-1.69163,0.94205
17.65694,-3.36823,0.94205
13.29654,-4.32031,0.73270
11.91446,-5.15585,0.68037
17.19124,-10.16688,1.04672
10.50280,-7.63074,0.68037
9.46360,-8.88691,0.68037
13.20811,-14.98166,1.04672
7.63074,-10.50280,0.68037
8.16063,-16.01614,0.94205
5.07411,-14.09387,0.78504
4.47029,-17.41060,0.94205
2.37807,-18.82434,0.99438
-0.00000,-14.97944,0.78504
-0.93979,-9.94198,0.52336
-4.30386,-22.56164,1.20372
-4.01171,-12.34679,0.68037
-3.56943,-8.24847,0.47102
-10.58405,-19.25233,1.15139
-7.04376,-9.69490,0.62803
-8.88692,-9.46360,0.68037
-10.48716,-9.24568,0.73270
-10.73731,-7.29707,0.68037
-6.12574,-3.36765,0.36635
-11.91446,-5.15585,0.68037
-12.34679,-4.01171,0.68037
-12.75223,-2.43262,0.68037
-9.98137,-0.31368,0.52336
-9.96659,0.62704,0.52336
-16.76769,2.65574,0.88971
-9.49753,3.08594,0.52336
-8.13228,3.82676,0.47102
-12.89344,7.62515,0.78504
-7.89072,6.12067,0.52336
-6.55173,6.15248,0.47102
-9.90609,11.23624,0.78504
-6.73575,9.91136,0.62803
-6.25421,11.37637,0.68037
-6.74226,15.58044,0.88971
-4.01172,12.34679,0.68037
-3.12440,19.72669,1.04672
-0.40778,12.97578,0.68037
1.22173,12.92457,0.68037
4.30386,22.56164,1.20372
4.32031,13.29654,0.73270
5.55245,12.83096,0.73270
10.58405,19.25233,1.15139
5.86980,8.07908,0.52336
8.20331,8.73563,0.62803
14.23258,12.54771,0.99438
10.50281,7.63073,0.68037
12.89344,7.62515,0.78504
13.55380,6.37794,0.78504
13.29654,4.32030,0.73270
18.63788,3.55537,0.99438
13.98081,-0.00000,0.73270
8.94778,-0.84581,0.47102
19.49158,-4.35690,1.04672
13.29654,-4.32031,0.73270
12.65022,-5.95274,0.73270
16.33168,-9.65854,0.99438
14.20330,-11.01720,0.94205
13.10345,-12.30496,0.94205
13.20811,-14.98166,1.04672
8.80470,-12.11862,0.78504
6.73531,-12.25148,0.73270
7.53547,-17.41344,0.99438
4.17913,-14.38466,0.78504
2.80687,-14.71411,0.78504
1.87959,-19.88395,1.04672
-0.00000,-14.96346,1.04635
-2.25050,-17.81456,1.25562
-5.00961,-17.24318,1.25562
-5.50842,-13.91267,1.04635
-12.22788,-23.99857,1.88343
-7.62259,-10.49160,0.90683
-9.23581,-10.47597,0.97659
-10.90789,-10.24319,1.04635
-10.94952,-6.94878,0.90683
-20.76033,-9.76907,1.60440
-13.28236,-4.31570,0.97659
-12.65601,-2.82895,0.90683
-14.84547,-1.87542,1.04635
-9.97564,0.00000,0.69757
-18.80426,2.37553,1.32537
-13.41136,3.89636,0.97659
-9.27512,3.67228,0.69757
-17.48344,9.61160,1.39513
-10.49160,7.62260,0.90683
-10.47597,9.23581,0.97659
-12.97471,13.81667,1.32537
-8.20895,11.29865,0.97659
-6.24754,11.36424,0.90683
-6.73507,15.56382,1.18586
-3.89636,13.41136,0.97659
-2.61695,13.71852,0.97659
-1.78371,18.86960,1.32537
0.00000,13.96590,0.97659
1.62536,12.86607,0.90683
4.73130,16.28523,1.18586
5.50842,13.91267,1.04635
9.05769,17.77672,1.39513
10.09285,14.85119,1.25562
9.23581,10.47597,0.97659
19.63421,18.43775,1.88343
13.71979,9.96801,1.18586
12.02104,7.10922,0.97659
19.85770,9.34433,1.53464
12.33362,4.00743,0.90683
13.62955,3.04657,0.97659
23.75275,3.00067,1.67416
12.96833,-0.00000,0.90683
14.89705,-1.40819,1.04635
27.43705,-5.23389,1.95318
14.23110,-4.62397,1.04635
12.81726,-5.54653,0.97659
21.85430,-12.01451,1.74391
12.10569,-8.79530,1.04635
9.72769,-8.57611,0.90683
13.19402,-14.96568,1.39513
7.62260,-10.49160,0.90683
6.72812,-12.23841,0.97659
6.73507,-15.56382,1.18586
4.17467,-14.36932,1.04635
2.80388,-14.69842,1.04635
1.78371,-18.86960,1.32537
-0.00000,-9.97564,0.69757
-1.75039,-13.85577,0.97659
-3.26418,-14.60309,1.04635
-5.06869,-14.07883,1.04635
-5.52165,-11.73410,0.90683
-10.15591,-16.00315,1.32537
-9.17121,-11.82345,1.04635
-10.24319,-10.90789,1.04635
-13.46911,-11.87462,1.25562
-10.49160,-7.62259,0.90683
-11.16239,-6.60142,0.90683
-16.24721,-7.64536,1.25562
-13.41136,-3.89636,0.97659
-11.75873,-2.24310,0.83708
-9.97072,-0.31334,0.69757
-9.95596,0.62638,0.69757
-19.59789,3.73850,1.39513
-13.28236,4.31570,0.97659
-10.98623,4.75417,0.83708
-15.73510,8.65044,1.25562
-12.10569,8.79530,1.04635
-9.72769,8.57611,0.90683
-11.60895,12.36228,1.18586
-7.85000,11.55092,0.97659
-7.20870,13.11258,1.04635
-5.06869,14.07883,1.04635
-3.22509,12.56091,0.90683
-2.80896,17.73508,1.25562
-0.56402,17.94729,1.25562
1.12747,17.92072,1.25562
3.17772,16.65821,1.18586
4.62396,14.23110,1.04635
5.94271,13.73279,1.04635
11.53392,20.98013,1.67416
9.96801,13.71979,1.18586
9.89551,11.22426,1.04635
17.45263,16.38911,1.67416
14.52684,10.55436,1.25562
14.59697,8.63262,1.18586
18.05246,8.49485,1.39513
13.28236,4.31569,0.97659
13.71852,2.61695,0.97659
14.89705,1.40819,1.04635
13.95901,-0.43868,0.97659
14.84547,-1.87541,1.04635
18.35825,-4.71360,1.32537
12.20166,-4.39286,0.90683
10.83148,-5.09690,0.83708
12.02103,-7.10922,0.97659
9.45876,-7.33697,0.83708
10.90790,-10.24319,1.04635
8.26633,-9.99227,0.90683
7.28929,-10.72586,0.90683
6.72812,-12.23841,0.97659
7.52743,-17.39486,1.32537
3.89636,-13.41136,0.97659
2.80388,-14.69842,1.04635
0.47001,-14.95608,1.04635
-0.93827,-14.91343,1.30734
-4.29337,-22.50663,2.00458
-4.61762,-14.21156,1.30734
-5.53891,-12.79967,1.22018
-11.51809,-20.95133,2.09174
-8.78323,-12.08908,1.30734
-6.58795,-7.47257,0.87156
-16.70248,-15.68467,2.00458
-10.47720,-7.61213,1.13303
-8.57467,-5.07104,0.87156
-15.54246,-6.72582,1.48165
-9.47437,-3.07841,0.87156
-11.66644,-2.60776,1.04587
-18.77845,-2.37227,1.65596
-11.95434,0.00000,1.04587
-14.82509,1.87284,1.30734
-13.26412,4.30978,1.22018
-9.14262,3.95637,0.87156
-14.57693,8.62077,1.48165
-8.05938,5.85549,0.87156
-10.16673,9.54719,1.22018
-11.85832,13.45062,1.56880
-7.02658,9.67126,1.04587
-5.75904,10.47566,1.04587
-5.93455,13.71393,1.30734
-2.77929,9.56639,0.87156
-2.24002,11.74259,1.04587
-0.87572,13.91920,1.22018
0.40678,12.94414,1.13303
1.62313,12.84841,1.13303
4.78089,21.38847,1.91743
4.61762,14.21156,1.30734
5.93455,13.71393,1.30734
10.55825,19.20539,1.91743
8.19768,11.28314,1.22018
8.86525,9.44053,1.13303
14.19788,12.51711,1.65596
13.70095,9.95432,1.48165
12.22161,6.71889,1.22018
15.54246,6.72582,1.48165
12.43631,3.61308,1.13303
13.69969,2.61336,1.22018
16.86015,1.59375,1.48165
14.94292,-0.00000,1.30734
13.83675,-1.74798,1.22018
16.52745,-3.69433,1.48165
14.05951,-5.06173,1.30734
12.61938,-5.93822,1.22018
16.82230,-10.67576,1.74312
11.02008,-8.54804,1.22018
13.38390,-13.38390,1.65596
9.15862,-11.80722,1.30734
7.60656,-12.86200,1.30734
8.05903,-17.12629,1.65596
3.33515,-11.47967,1.04587
2.80003,-14.67824,1.30734
0.46937,-14.93554,1.30734
-0.93827,-14.91343,1.30734
-3.36003,-17.61389,1.56880
-4.61762,-14.21156,1.30734
-5.93823,-12.61937,1.22018
-10.14209,-17.14933,1.74312
-8.54805,-11.02007,1.22018
-8.86525,-9.44053,1.13303
-13.45062,-11.85832,1.56880
-10.71113,-7.27928,1.13303
-11.34864,-6.23897,1.13303
-12.18491,-4.38684,1.13303
-12.54367,-3.22067,1.13303
-16.72681,-2.64927,1.48165
-13.93984,-0.43808,1.22018
-13.91920,0.87572,1.22018
-14.75895,2.33759,1.30734
-14.34959,4.16894,1.30734
-11.11486,4.40069,1.04587
-13.31424,6.78394,1.30734
-14.00686,9.51906,1.48165
-6.90823,5.71498,0.78440
-12.67949,12.67949,1.56880
-7.83922,11.53507,1.22018
-8.05902,17.12629,1.65596
-4.61762,14.21156,1.30734
-2.80002,14.67824,1.30734
-2.06251,21.81902,1.91743
0.00000,13.94672,1.22018
1.74799,13.83675,1.22018
3.69432,16.52745,1.48165
5.23330,16.10644,1.48165
7.21071,15.32352,1.48165
8.39917,12.35900,1.30734
9.52497,11.51372,1.30734
20.33345,19.09438,2.44036
12.08908,8.78323,1.30734
13.09458,7.19881,1.30734
17.37098,7.51710,1.65596
13.39295,3.89101,1.22018
16.63534,3.17336,1.48165
16.90189,1.06338,1.48165
14.93555,-0.46937,1.30734
14.82509,-1.87284,1.30734
19.29795,-4.95487,1.74312
14.05951,-5.06173,1.30734
15.08947,-7.68847,1.48165
11.53507,-7.83922,1.22018
9.21097,-7.61998,1.04587
15.68467,-16.70247,2.00458
8.78323,-12.08907,1.30734
7.09946,-12.00453,1.22018
11.45231,-24.33736,2.35321
4.00193,-12.31669,1.13303
2.82507,-12.63864,1.13303
3.12140,-24.70848,2.17889
-0.00000,-8.95070,0.94076
-1.12311,-11.88130,1.25434
-4.47252,-23.44575,2.50868
-3.68789,-11.35016,1.25434
-5.08136,-10.79844,1.25434
-9.61880,-16.26451,1.98604
-9.14324,-11.78740,1.56793
-6.80797,-7.24975,1.04528
-13.42803,-11.83840,1.88151
-7.40295,-5.03104,0.94076
-11.32958,-6.22849,1.35887
-12.16444,-4.37947,1.35887
-9.63277,-2.47327,1.04528
-18.74692,-2.36829,1.98604
-11.93426,0.00000,1.25434
-9.90108,0.93593,1.04528
-23.44575,4.47252,2.50868
-8.51262,2.76592,0.94076
-8.21454,3.55475,0.94076
-13.07259,7.18672,1.56793
-11.00157,8.53369,1.46340
-13.04955,12.25435,1.88151
-8.53369,11.00157,1.46340
-6.07503,10.27232,1.25434
-7.50447,17.34181,1.98604
-4.30254,13.24185,1.46340
-2.60338,11.64685,1.25434
-1.21671,12.87140,1.35887
0.28115,8.94628,0.94076
2.24364,17.76023,1.88151
4.16194,14.32550,1.56793
5.12551,12.94556,1.46340
11.97786,21.78765,2.61321
8.18391,11.26419,1.46340
6.80797,7.24975,1.04528
9.69802,8.54996,1.35887
11.12835,6.58128,1.35887
17.34181,7.50448,1.98604
13.24185,4.30253,1.46340
12.69978,2.42261,1.35887
19.80216,1.87186,2.09057
14.91783,-0.00000,1.56793
12.87141,-1.21671,1.35887
14.65359,-2.79532,1.56793
13.10017,-4.71635,1.46340
15.29780,-7.19859,1.77698
13.98335,-9.50307,1.77698
11.49438,-9.50898,1.56793
11.95496,-11.95496,1.77698
8.53369,-11.00157,1.46340
6.92758,-10.91614,1.35887
7.67556,-15.06413,1.77698
4.37947,-12.16444,1.35887
2.96793,-11.55932,1.25434
2.64481,-16.69872,1.77698
-0.00000,-12.92878,1.35887
-1.21671,-12.87141,1.35887
-4.09981,-21.49193,2.29963
-3.99521,-12.29600,1.35887
-3.81102,-8.09883,0.94076
-6.58129,-11.12835,1.35887
-8.53369,-11.00157,1.46340
-8.16956,-8.69970,1.25434
-9.42992,-7.31459,1.25434
-10.07643,-6.39470,1.25434
-13.49805,-6.35170,1.56793
-11.35016,-3.68789,1.25434
-6.83834,-1.30448,0.73170
-17.82195,-1.68467,1.88151
-8.95070,0.00000,0.94076
-11.84016,1.49576,1.25434
-12.61742,2.82033,1.35887
-11.22872,4.04259,1.25434
-10.79844,5.08136,1.25434
-11.75584,7.46048,1.46340
-7.07244,5.48594,0.94076
-9.14203,9.14203,1.35887
-7.92414,10.21574,1.35887
-6.92759,10.91613,1.35887
-8.57856,16.83638,1.98604
-5.72700,15.90735,1.77698
-1.95254,8.73513,0.94076
-3.36546,26.64035,2.82227
0.00000,13.92331,1.46340
1.74505,13.81352,1.46340
4.12201,18.44084,1.98604
5.05323,14.03590,1.56793
7.19860,15.29779,1.77698
12.15006,20.54464,2.50868
11.10674,15.28712,1.98604
9.86533,11.19003,1.56793
16.67443,15.65833,2.40415
10.45961,7.59935,1.35887
12.84040,7.59379,1.56793
12.59818,5.92826,1.46340
13.24185,4.30253,1.46340
13.58799,3.03728,1.46340
22.69363,2.86687,2.40415
14.91783,-0.00000,1.56793
13.81352,-1.74505,1.46340
16.49970,-3.68813,1.77698
17.02524,-5.53184,1.88151
13.49806,-6.35170,1.56793
11.98437,-7.08754,1.46340
12.06877,-8.76848,1.56793
12.68203,-11.18071,1.77698
7.89227,-8.95202,1.25434
7.59935,-10.45961,1.35887
6.70760,-12.20109,1.46340
5.52961,-12.77818,1.46340
3.88448,-13.37046,1.46340
3.16804,-16.60740,1.77698
0.87426,-13.89583,1.46340
-0.43647,-13.88879,1.70617
-1.61719,-12.80135,1.58430
-4.76338,-21.31013,2.68112
-5.82756,-17.93538,2.31552
-5.91281,-13.66371,1.82804
-12.91039,-23.48392,3.29047
-7.58425,-10.43883,1.58430
-9.18936,-10.42328,1.70617
-15.91777,-14.94778,2.68112
-8.20916,-5.57894,1.21869
-14.78617,-8.12877,2.07178
-14.00801,-5.04320,1.82804
-11.53636,-2.96203,1.46243
-21.66383,-2.73678,2.68112
-8.93292,0.00000,1.09682
-8.89327,0.84066,1.09682
-18.52434,3.53371,2.31552
-8.49571,2.76042,1.09682
-9.10914,3.94188,1.21869
-12.17685,6.69428,1.70617
-10.97972,8.51674,1.70617
-12.63305,12.63305,2.19365
-9.12508,11.76398,1.82804
-9.04116,14.24658,2.07178
-6.30849,12.38111,1.70617
-5.21413,16.04745,2.07178
-3.03124,13.56099,1.70617
-2.98558,23.63327,2.92486
0.00000,14.88819,1.82804
1.49279,11.81664,1.46243
4.11383,18.40421,2.31552
4.70698,13.07415,1.70617
7.18430,15.26740,2.07178
11.11543,18.79518,2.68112
9.91787,13.65077,2.07178
9.18935,10.42328,1.70617
15.91777,14.94778,2.68112
12.04480,8.75106,1.82804
11.30707,6.21612,1.58430
15.48553,6.70119,2.07178
13.34390,3.87676,1.70617
13.64952,2.60379,1.70617
18.77468,1.77473,2.31552
17.86583,-0.00000,2.19365
12.80136,-1.61718,1.58430
22.27877,-4.97991,2.80299
14.15951,-4.60071,1.82804
13.47124,-6.33908,1.82804
14.52354,-8.58920,2.07178
13.33251,-10.34175,2.07178
9.40596,-8.83278,1.58430
10.34176,-13.33251,2.07178
7.44565,-11.73248,1.70617
5.40728,-10.61238,1.46243
5.04320,-14.00801,1.82804
3.20888,-12.49772,1.58430
2.79482,-17.64587,2.19365
-0.00000,-16.87329,2.07178
-1.30770,-13.83398,1.70617
-4.33034,-19.37285,2.43739
-4.60070,-14.15951,1.82804
-6.33908,-13.47124,1.82804
-9.59969,-16.23220,2.31552
-8.16766,-11.24181,1.70617
-5.90744,-6.70068,1.09682
-13.02363,-12.23000,2.19365
-10.67190,-7.25262,1.58430
-14.78617,-8.12877,2.07178
-13.07415,-4.70698,1.70617
-9.61364,-2.46836,1.21869
-11.81664,-1.49279,1.46243
-11.91055,0.00000,1.46243
-9.88141,0.93407,1.21869
-17.54938,3.34772,2.19365
-9.43967,3.06714,1.21869
-8.19823,3.54769,1.09682
-15.65595,8.60693,2.19365
-9.63584,7.00085,1.46243
-6.51182,6.11500,1.09682
-11.81489,13.40136,2.19365
-7.81051,11.49282,1.70617
-6.69428,12.17685,1.70617
-6.70119,15.48553,2.07178
-3.87676,13.34390,1.70617
-2.23182,11.69958,1.46243
-1.68133,17.78654,2.19365
0.40529,12.89673,1.58430
2.11478,16.74023,2.07178
4.68989,18.26591,2.31552
6.72426,18.67735,2.43739
4.22606,8.98082,1.21869
8.36840,12.31374,1.82804
9.49009,11.47155,1.82804
13.74716,12.90945,2.31552
12.04480,8.75106,1.82804
12.17685,6.69428,1.70617
16.39645,7.09538,2.19365
12.39076,3.59985,1.58430
14.62448,2.78977,1.82804
16.79840,1.58792,2.07178
13.89565,-0.00000,1.70617
17.72495,-2.23918,2.19365
16.46692,-3.68080,2.07178
16.80962,-6.05183,2.19365
12.57316,-5.91647,1.70617
15.92265,-10.10483,2.31552
11.76398,-9.12508,1.82804
10.12949,-9.51222,1.70617
10.95010,-14.11677,2.19365
7.44565,-11.73248,1.70617
9.01213,-17.68730,2.43739
4.60070,-14.15951,1.82804
2.81472,-12.59235,1.58430
2.73678,-21.66383,2.68112
-0.00000,-13.86375,1.94842
-1.30469,-13.80223,1.94842
-4.08227,-21.40001,3.06181
-4.59014,-14.12701,2.08760
-4.71939,-10.90588,1.67008
-9.06424,-16.48779,2.64429
-7.56684,-10.41487,1.80925
-9.16826,-10.39935,1.94842
-16.60311,-15.59136,3.20098
-7.21029,-5.23858,1.25256
-11.08075,-6.55314,1.80925
-16.12838,-7.58944,2.50512
-8.47621,-2.75409,1.25256
-19.45455,-3.71115,2.78346
-9.90268,0.00000,1.39173
-9.85873,0.93192,1.39173
-13.52987,3.02429,1.94842
-9.41801,3.06010,1.39173
-8.96021,4.21635,1.39173
-17.04730,10.08175,2.78346
-8.01143,5.82065,1.39173
-9.65654,8.51339,1.80925
-15.59136,16.60311,3.20098
-7.56684,10.41487,1.80925
-7.56131,12.78548,2.08760
-7.16780,15.23236,2.36594
-5.20216,16.01061,2.36594
-2.41225,12.64546,1.80925
-1.86385,19.71746,2.78346
0.00000,12.87348,1.80925
1.61347,12.77197,1.80925
4.10438,18.36197,2.64429
5.03162,13.97586,2.08760
7.58944,16.12838,2.50512
10.08174,17.04731,2.78346
7.56684,10.41487,1.80925
8.81251,9.38436,1.80925
13.37060,11.78777,2.50512
13.92353,9.46243,2.36594
14.75223,8.11011,2.36594
15.83931,5.70251,2.36594
14.38735,3.69405,2.08760
21.61411,2.73050,3.06181
17.82482,-0.00000,2.50512
14.78810,-1.39789,2.08760
22.37274,-4.26782,3.20098
16.01061,-5.20217,2.36594
12.72352,-5.50596,1.94842
15.62001,-8.58718,2.50512
13.30191,-10.31802,2.36594
12.99374,-12.20193,2.50512
9.89511,-13.61944,2.36594
7.56131,-12.78548,2.08760
9.69763,-20.60848,3.20098
4.59014,-14.12701,2.08760
2.80826,-12.56345,1.80925
2.35815,-18.66673,2.64429
-0.00000,-16.83456,2.36594
-1.21150,-12.81635,1.80925
-3.88836,-17.39554,2.50512
-4.59014,-14.12701,2.08760
-5.48126,-11.64828,1.80925
-7.56131,-12.78548,2.08760
-10.31802,-13.30191,2.36594
-8.81251,-9.38437,1.80925
-11.73698,-9.10413,2.08760
-6.68889,-4.24490,1.11338
-11.47036,-5.84444,1.80925
-7.45379,-2.68353,1.11338
-12.56345,-2.80826,1.80925
-12.77197,-1.61348,1.80925
-7.91823,0.24884,1.11338
-12.77197,1.61347,1.80925
-12.24341,3.97813,1.80925
-8.17941,3.53955,1.25256
-14.49021,8.56948,2.36594
-7.21029,5.23859,1.25256
-9.65654,8.51339,1.80925
-11.78777,13.37059,2.50512
-7.56684,10.41487,1.80925
-5.72478,10.41334,1.67008
-7.47238,17.26764,2.64429
-3.97813,12.24341,1.80925
-1.85558,9.72728,1.39173
-1.67747,17.74571,2.50512
0.40436,12.86713,1.80925
1.61347,12.77197,1.80925
3.88836,17.39554,2.50512
4.59014,14.12701,2.08760
5.11268,11.81470,1.80925
10.08174,17.04731,2.78346
7.56684,10.41487,1.80925
10.16828,10.82811,2.08760
9.61372,6.98478,1.67008
10.22838,6.04905,1.67008
15.44999,6.68581,2.36594
14.12701,4.59014,2.08760
12.64546,2.41225,1.80925
18.73159,1.77066,2.64429
13.85691,-0.43547,1.94842
14.73689,-1.86170,2.08760
21.26122,-4.75246,3.06181
14.12701,-4.59015,2.08760
10.90588,-4.71940,1.67008
15.62001,-8.58718,2.50512
13.61944,-9.89511,2.36594
7.42811,-6.54876,1.39173
16.26924,-17.32498,3.34015
7.56684,-10.41487,1.80925
6.67891,-12.14890,1.94842
7.07909,-16.35881,2.50512
3.86786,-13.31327,1.94842
2.59781,-13.61819,1.94842
1.05706,-16.80134,2.36594
-0.46536,-14.80801,2.34652
-2.93566,-18.53504,2.97225
-5.18861,-15.96891,2.65939
-6.66839,-15.40975,2.65939
-14.27467,-25.96554,4.69303
-7.86970,-10.14555,2.03365
-12.84626,-13.67988,2.97225
-11.70640,-9.08042,2.34652
-11.05188,-6.53607,2.03365
-13.40531,-6.30806,2.34652
-9.48471,-2.75556,1.56434
-14.55291,-2.77612,2.34652
-6.91041,-0.21717,1.09504
-7.86644,0.74360,1.25148
-14.55291,2.77612,2.34652
-8.45413,2.74691,1.40791
-7.25164,3.13807,1.25148
-14.71380,8.08898,2.65939
-10.38774,7.54713,2.03365
-6.66788,5.87853,1.40791
-11.49403,12.23990,2.65939
-8.70823,11.98585,2.34652
-6.03329,10.20174,1.87721
-7.84517,18.12911,3.12869
-3.96776,12.21152,2.03365
-3.87824,17.35023,2.81582
-1.76605,18.68279,2.97225
0.00000,13.82764,2.19008
1.60927,12.73870,2.03365
4.66693,18.17651,2.97225
4.34937,12.08086,2.03365
5.82922,11.44048,2.03365
7.77228,11.43657,2.19008
8.18449,9.89335,2.03365
16.55986,15.55074,3.59799
11.98585,8.70823,2.34652
11.05188,6.53606,2.03365
12.51162,5.88752,2.19008
13.15087,4.27297,2.19008
11.56682,2.58549,1.87721
19.59800,2.47580,3.12869
12.83995,-0.00000,2.03365
13.71860,-1.73306,2.19008
17.35023,-3.87825,2.81582
11.15157,-4.01481,1.87721
11.61793,-5.46698,2.03365
12.50899,-7.93845,2.34652
9.36512,-7.26433,1.87721
12.23990,-11.49402,2.65939
10.29114,-13.26726,2.65939
6.87998,-10.84113,2.03365
7.62282,-14.96062,2.65939
4.68395,-13.01015,2.19008
3.19317,-12.43656,2.03365
2.47580,-19.59800,3.12869
-0.00000,-13.82764,2.19008
-1.73306,-13.71860,2.19008
-3.66278,-16.38633,2.65939
-5.01851,-13.93946,2.34652
-5.04645,-10.72425,1.87721
-9.99294,-14.70416,2.81582
-5.66619,-6.84924,1.40791
-15.83986,-14.87462,3.44156
-9.58868,-6.96658,1.87721
-11.05188,-6.53607,2.03365
-15.40975,-6.66839,2.65939
-11.27217,-3.66255,1.87721
-11.64232,-2.22089,1.87721
-12.78296,-1.20835,2.03365
-11.84641,0.37229,1.87721
-6.85930,0.86653,1.09504
-9.63902,2.15458,1.56434
-11.01995,4.36311,1.87721
-15.84066,8.07122,2.81582
-9.58868,6.96659,1.87721
-8.89051,7.83804,1.87721
-15.55074,16.55986,3.59799
-7.54713,10.38774,2.03365
-7.03884,11.90203,2.19008
-7.45291,17.22265,2.97225
-4.27298,13.15086,2.19008
-2.59104,13.58271,2.19008
-1.85900,19.66610,3.12869
0.00000,12.83995,2.03365
1.48548,11.75880,1.87721
3.87823,17.35023,2.81582
5.18861,15.96891,2.65939
5.04645,10.72424,1.87721
8.54716,14.45247,2.65939
7.86969,10.14555,2.03365
9.46567,10.07991,2.19008
12.59489,11.10389,2.65939
11.43657,7.77229,2.19008
11.25173,6.18569,2.03365
19.94202,8.62969,3.44156
14.09021,4.57818,2.34652
7.71121,1.72366,1.25148
23.51760,2.97096,3.75443
13.82764,-0.00000,2.19008
11.79966,-1.11540,1.87721
24.25484,-4.62685,3.91086
12.21152,-3.96776,2.03365
13.20055,-6.72602,2.34652
10.61967,-7.21712,2.03365
9.89335,-8.18449,2.03365
15.36483,-15.36482,3.44156
9.08042,-11.70640,2.34652
6.35075,-10.00720,1.87721
6.72602,-13.20055,2.34652
6.02222,-16.72734,2.81582
3.19317,-12.43656,2.03365
3.55368,-22.43715,3.59799
-0.00000,-13.78731,2.43107
-1.20482,-12.74568,2.25743
-3.50616,-18.37992,3.29931
-4.71291,-11.90346,2.25743
-10.91200,-19.84885,3.99391
-6.94627,-9.56071,2.08378
-8.76391,-9.33262,2.25743
-14.77430,-13.02530,3.47296
-7.33064,-4.98190,1.56283
-11.40711,-5.81221,2.25743
-8.42947,-2.73890,1.56283
-9.61090,-2.14829,1.73648
-16.66743,-1.57554,2.95202
-12.80250,0.00000,2.25743
-6.86306,0.64875,1.21554
-11.60837,2.21441,2.08378
-7.41269,2.66873,1.38918
-14.91699,7.60059,2.95202
-7.17054,5.20970,1.56283
-8.61473,8.08977,2.08378
-11.72277,13.29687,3.12567
-5.78855,7.96726,1.73648
-4.74435,8.62994,1.73648
-7.04006,16.26861,3.12567
-3.65187,11.23929,2.08378
-2.14829,9.61090,1.73648
-3.33259,26.38014,4.68850
0.00000,12.80250,2.25743
1.72801,13.67859,2.43107
4.08175,18.26072,3.29931
3.33592,9.26587,1.73648
5.45104,11.58405,2.25743
10.02615,16.95331,3.47296
5.78856,7.96726,1.73648
9.74910,9.74910,2.43107
10.89411,8.45034,2.43107
11.01965,6.51700,2.25743
20.49485,9.64415,3.99391
12.17590,3.95619,2.25743
12.49417,2.79278,2.25743
21.49493,2.71544,3.82026
11.81769,-0.00000,2.08378
11.76525,-1.11214,2.08378
21.14398,-4.72625,3.82026
13.11251,-4.26051,2.43107
9.03812,-3.91114,1.73648
15.53388,-8.53983,3.12567
11.95089,-8.68283,2.60472
9.60330,-8.46644,2.25743
12.37404,-14.03559,3.29931
6.94627,-9.56071,2.08378
6.16765,-11.21892,2.25743
5.86671,-13.55718,2.60472
3.57178,-12.29416,2.25743
2.21442,-11.60837,2.08378
1.57554,-16.66743,2.95202
-0.00000,-12.80250,2.25743
-2.92710,-18.48098,3.29931
-3.57178,-12.29416,2.25743
-3.26279,-8.24086,1.56283
-10.43756,-18.98586,3.82026
-6.94627,-9.56071,2.08378
-9.11771,-10.34201,2.43107
-10.76841,-10.11221,2.60472
-9.97801,-6.33224,2.08378
-7.89723,-4.02384,1.56283
-9.26587,-3.33592,1.73648
-6.67708,-1.71438,1.21554
-11.67220,-1.84869,2.08378
-8.85890,-0.27840,1.56283
-6.88005,0.43286,1.21554
-18.37992,3.50616,3.29931
-6.55625,2.13026,1.21554
-8.01973,3.77380,1.56283
-14.41031,8.52223,2.95202
-7.96726,5.78856,1.73648
-9.33262,8.76392,2.25743
-9.76898,11.08073,2.60472
-4.98190,7.33064,1.56283
-6.16765,11.21892,2.25743
-6.64894,15.36480,2.95202
-3.29703,11.34846,2.08378
-2.00275,12.64488,2.25743
-0.55681,17.71779,3.12567
0.74204,11.79437,2.08378
2.77304,17.50830,3.12567
4.67079,16.07698,2.95202
5.43798,13.73477,2.60472
9.48870,17.25987,3.47296
8.68283,11.95089,2.60472
11.46051,12.20420,2.95202
14.77430,13.02530,3.47296
9.77418,6.64253,2.08378
12.08191,6.64209,2.43107
13.89880,5.00388,2.60472
12.40029,3.18385,2.25743
19.54084,2.46858,3.47296
16.74173,-0.00000,2.95202
12.70155,-1.60457,2.25743
17.29963,-3.86693,3.12567
12.04563,-4.33669,2.25743
12.47513,-5.87035,2.43107
15.25798,-9.02355,3.12567
11.95089,-8.68283,2.60472
8.61473,-8.08977,2.08378
12.37404,-14.03559,3.29931
7.74962,-11.40321,2.43107
6.16765,-11.21892,2.25743
7.43117,-17.17243,3.29931
4.56483,-14.04912,2.60472
3.22244,-14.41636,2.60472
2.46858,-19.54084,3.47296
-0.00000,-14.72441,2.86213
-0.92379,-9.77271,1.90809
-3.31089,-17.35632,3.43456
-4.65520,-12.93032,2.67133
-8.35913,-17.76406,3.81618
-8.07780,-11.11814,2.67133
-8.43910,-9.57228,2.48052
-16.45823,-15.45531,4.38861
-11.91230,-8.65479,2.86213
-11.82899,-6.99564,2.67133
-17.76406,-8.35913,3.81618
-11.20299,-3.64007,2.28971
-9.57986,-2.14135,1.90809
-12.70452,-1.20093,2.48052
-7.84914,0.24667,1.52647
-8.76498,1.10727,1.71728
-12.45382,2.78376,2.48052
-8.40225,2.73006,1.71728
-7.10562,3.34365,1.52647
-14.36377,8.49471,3.24375
-6.20510,4.81317,1.52647
-8.58690,8.06364,2.28971
-10.63712,12.85806,3.24375
-7.72459,11.36639,2.67133
-5.79344,11.37027,2.48052
-4.98772,13.85391,2.86213
-3.66181,14.26181,2.86213
-2.61052,16.48221,3.24375
-0.55501,17.66057,3.43456
1.20093,12.70452,2.48052
3.67877,19.28480,3.81618
4.24675,13.07016,2.67133
5.45792,12.61250,2.67133
10.40386,18.92454,4.19780
7.50082,10.32399,2.48052
11.68491,13.25393,3.43456
13.59593,12.76743,3.62537
11.91230,8.65479,2.86213
11.82899,6.99564,2.67133
19.54046,9.19505,4.19780
15.87091,5.15677,3.24375
13.49936,2.57514,2.67133
19.54541,1.84759,3.81618
14.71714,-0.46251,2.86213
14.60830,-1.84545,2.86213
22.03368,-4.92513,4.38861
12.13658,-3.94341,2.48052
11.54664,-5.43343,2.48052
16.05363,-9.49409,3.62537
10.32399,-7.50082,2.48052
9.57228,-8.43910,2.48052
14.78334,-15.74266,4.19780
8.07780,-11.11814,2.67133
6.49596,-10.98406,2.48052
7.10527,-15.09944,3.24375
3.94341,-12.13658,2.48052
2.20727,-11.57088,2.28971
1.57045,-16.61360,3.24375
-0.43167,-13.73600,2.67133
-1.72243,-13.63441,2.67133
-4.88241,-19.01575,3.81618
-4.98771,-13.85391,2.86213
-8.46734,-16.61809,3.62537
-7.72459,-11.36639,2.67133
-9.73742,-11.04494,2.86213
-19.32054,-18.14319,5.15184
-13.50060,-9.80876,3.24375
-10.98406,-6.49596,2.48052
-23.98147,-11.28483,5.15184
-9.33583,-3.03339,1.90809
-9.64240,-1.83939,1.90809
-8.79544,-0.83141,1.71728
-9.81143,0.30834,1.90809
-8.76498,1.10727,1.71728
-8.62188,1.92722,1.71728
-7.46866,2.42672,1.52647
-8.10804,3.50866,1.71728
-10.32248,5.67483,2.28971
-10.32399,7.50082,2.48052
-11.04494,9.73742,2.86213
-8.43910,9.57228,2.48052
-7.50082,10.32399,2.48052
-6.49595,10.98406,2.48052
-5.43343,11.54664,2.48052
-4.32269,12.00672,2.48052
-3.66181,14.26181,2.86213
-1.47637,11.68664,2.28971
-0.40084,12.75486,2.48052
0.86291,13.71566,2.67133
2.14985,13.57358,2.67133
3.83411,13.19711,2.67133
5.05905,12.77771,2.67133
8.51225,15.48372,3.43456
7.17283,10.55450,2.48052
9.38569,11.34535,2.86213
12.16478,11.42349,3.24375
9.30765,7.21975,2.28971
10.77460,6.83777,2.48052
12.24491,6.23909,2.67133
12.00672,4.32269,2.48052
14.36979,3.21203,2.86213
18.50385,2.33758,3.62537
17.66057,0.55501,3.43456
14.69535,-0.92455,2.86213
17.45175,-2.76409,3.43456
16.16339,-4.15005,3.24375
12.93032,-4.65520,2.67133
12.43484,-5.85139,2.67133
12.67391,-7.49534,2.86213
11.91229,-8.65479,2.86213
8.83595,-7.78994,2.28971
11.42349,-12.16478,3.24375
9.02469,-11.63456,2.86213
9.99365,-15.74749,3.62537
6.68474,-13.11954,2.86213
6.14314,-15.51580,3.24375
4.10798,-14.13976,2.86213
2.57515,-13.49936,2.67133
1.29331,-13.68179,2.67133
-0.00000,-14.67221,3.11867
-1.38078,-14.60710,3.11867
-4.21559,-22.09890,4.78197
-4.53396,-13.95410,3.11867
-5.82704,-13.46549,3.11867
-11.45210,-19.36445,4.78197
-9.77399,-13.45275,3.53450
-9.05605,-10.27207,2.91076
-14.26078,-13.39176,4.15823
-11.07873,-8.04917,2.91076
-11.78706,-6.97085,2.91076
-16.15859,-6.99245,3.74241
-13.95410,-4.53396,3.11867
-8.59132,-1.92039,1.87120
-21.34956,-2.69708,4.57406
-9.77665,0.30724,2.07912
-8.73391,1.10335,1.87120
-16.22804,3.62740,3.53450
-8.37246,2.72038,1.87120
-10.77239,4.66163,2.49494
-16.28599,8.95330,3.95032
-9.49605,6.89929,2.49494
-9.53835,8.40919,2.70285
-19.41805,20.67813,6.02944
-7.47423,10.28740,2.70285
-6.12594,11.14304,2.70285
-7.38092,17.05629,3.95032
-5.13849,15.81465,3.53450
-2.98727,13.36427,2.91076
-1.74899,18.50232,3.95032
0.00000,16.62851,3.53450
1.71632,13.58608,2.91076
3.84077,17.18263,3.74241
5.96404,16.56577,3.74241
5.83065,12.39076,2.91076
10.95418,18.52252,4.57406
8.62411,11.87007,3.11867
9.05605,10.27207,2.91076
17.11293,16.07011,4.98988
10.28740,7.47423,2.70285
15.42883,8.48207,3.74241
17.05629,7.38092,3.95032
12.21101,3.54763,2.70285
14.41233,2.74930,3.11867
22.39755,2.11719,4.78197
14.67221,-0.00000,3.11867
12.65949,-1.19667,2.70285
22.09891,-4.21558,4.78197
15.81465,-5.13849,3.53450
10.77239,-4.66163,2.49494
17.14314,-9.42453,4.15823
10.28739,-7.47423,2.70285
8.55647,-8.03506,2.49494
9.05605,-10.27207,2.91076
6.59761,-9.70808,2.49494
5.65471,-10.28589,2.49494
7.38092,-17.05629,3.95032
4.53396,-13.95410,3.11867
2.56051,-11.45509,2.49494
2.69707,-21.34956,4.57406
-0.00000,-13.69407,2.91076
-1.56488,-16.55471,3.53450
-3.11587,-16.33397,3.53450
-4.30736,-11.96416,2.70285
-7.08007,-15.04592,3.53450
-6.89929,-9.49606,2.49494
-8.40919,-9.53835,2.70285
-14.67439,-12.93721,4.15823
-10.28739,-7.47423,2.70285
-7.71442,-4.24104,1.87120
-16.15859,-6.99245,3.74241
-11.16328,-3.62717,2.49494
-6.68213,-1.49363,1.45538
-16.49739,-2.08410,3.53450
-9.78148,0.00000,2.07912
-7.76348,0.98075,1.66329
-16.22804,3.62740,3.53450
-8.37246,2.72038,1.87120
-8.07930,3.49622,1.87120
-17.14314,9.42452,4.15823
-11.07873,8.04917,2.91076
-10.27207,9.05605,2.91076
-16.07011,17.11293,4.98988
-8.04917,11.07873,2.91076
-6.47293,10.94513,2.70285
-8.54632,19.74939,4.57406
-3.62717,11.16328,2.49494
-2.77389,12.40968,2.70285
-2.11720,22.39755,4.78197
0.00000,17.60666,3.74241
1.59373,12.61565,2.70285
4.90765,21.95559,4.78197
5.13849,15.81465,3.53450
4.16475,8.85054,2.07912
7.46876,12.62899,3.11867
9.77399,13.45274,3.53450
9.70291,11.00579,3.11867
12.83470,12.05259,3.74241
13.75311,9.34661,3.53450
16.28599,8.95330,3.95032
12.88448,4.63870,2.91076
9.47417,2.43255,2.07912
22.32000,2.81967,4.78197
14.67221,-0.00000,3.11867
13.63329,-1.28873,2.91076
23.05973,-4.39887,4.98988
13.95410,-4.53397,3.11867
13.46549,-5.82704,3.11867
21.42893,-11.78066,5.19779
9.49605,-6.89929,2.49494
11.00579,-9.70291,3.11867
14.73094,-15.68685,4.57406
9.77399,-13.45274,3.53450
5.97501,-10.10319,2.49494
9.16246,-19.47119,4.57406
5.13849,-15.81465,3.53450
3.20064,-14.31886,3.11867
2.81967,-22.32000,4.78197
-0.00000,-14.61555,3.37427
-1.65053,-17.46082,4.04912
-5.29478,-27.75623,6.52358
-4.95084,-13.75149,3.37427
-7.96239,-15.62706,4.04912
-8.21516,-12.08824,3.37427
-8.37671,-9.50151,2.92436
-19.88799,-18.67606,6.29863
-11.82423,-8.59080,3.37427
-10.06418,-5.95194,2.69941
-23.80418,-11.20140,6.07368
-8.34013,-2.70987,2.02456
-11.41085,-2.55063,2.69941
-16.49078,-1.55884,3.82417
-9.74370,0.00000,2.24951
-6.76681,0.85485,1.57466
-14.26356,3.18829,3.37427
-8.25089,2.97050,2.02456
-7.93473,3.73380,2.02456
-15.09626,8.92790,4.04912
-10.24766,7.44537,2.92436
-9.50152,8.37671,2.92436
-10.95417,12.42506,3.82417
-8.01808,11.03595,3.14931
-6.10228,11.10001,2.92436
-6.96544,16.09619,4.04912
-3.80577,13.09954,3.14931
-2.37352,12.44245,2.92436
-2.01732,21.34101,4.94892
0.00000,14.61555,3.37427
1.37545,14.55069,3.37427
4.38188,22.97067,5.39882
4.51645,13.90021,3.37427
6.57847,15.20195,3.82417
9.91989,16.77363,4.49902
8.95797,11.54855,3.37427
9.33803,9.94399,3.14931
10.23240,9.02108,3.14931
11.28235,7.66748,3.14931
12.80770,7.04110,3.37427
20.56735,8.90029,5.17387
15.75358,5.11864,3.82417
11.41085,2.55063,2.69941
18.43087,1.74223,4.27407
13.64118,-0.00000,3.14931
14.55069,-1.37545,3.37427
17.11627,-3.82595,4.04912
13.90021,-4.51646,3.37427
11.62502,-5.03060,2.92436
20.49233,-11.26576,5.39882
9.45938,-6.87265,2.69941
9.23371,-8.67103,2.92436
11.59853,-13.15594,4.04912
8.21516,-12.08824,3.37427
6.57169,-11.95386,3.14931
7.73938,-17.88465,4.49902
4.21536,-12.97353,3.14931
3.18828,-14.26356,3.37427
1.74224,-18.43087,4.27407
-0.00000,-14.61555,3.37427
-1.10036,-11.64055,2.69941
-4.19931,-22.01356,5.17387
-3.61316,-11.12017,2.69941
-4.64363,-10.73079,2.69941
-7.97991,-14.51540,3.82417
-7.44536,-10.24766,2.92436
-9.02108,-10.23240,3.14931
-9.94399,-9.33803,3.14931
-9.67059,-6.57213,2.69941
-21.34617,-11.73516,5.62378
-11.12017,-3.61316,2.69941
-9.50904,-2.12552,2.24951
-14.50030,-1.83181,3.37427
-7.79496,0.00000,1.79961
-7.76037,0.73357,1.79961
-16.27089,3.10384,3.82417
-9.26681,3.01097,2.24951
-10.73079,4.64363,2.69941
-20.49233,11.26575,5.39882
-9.45938,6.87265,2.69941
-6.57797,5.79926,2.02456
-14.67405,15.62628,4.94892
-7.44536,10.24767,2.92436
-4.46395,7.54813,2.02456
-6.96544,16.09619,4.04912
-3.91426,12.04685,2.92436
-2.19094,11.48534,2.69941
-1.74223,18.43087,4.27407
0.00000,12.66681,2.92436
1.58757,12.56693,2.92436
4.62129,15.90658,3.82417
4.66296,11.77730,2.92436
10.79635,19.63848,5.17387
8.01809,11.03595,3.14931
10.00503,10.65428,3.37427
13.15594,11.59853,4.04912
9.67059,6.57213,2.69941
11.95386,6.57169,3.14931
17.21298,6.81510,4.27407
11.22818,3.26209,2.69941
17.32273,2.74365,4.04912
13.63445,0.42848,3.14931
13.58064,-1.28375,3.14931
18.18512,-3.46899,4.27407
12.83473,-4.62078,3.14931
16.75109,-7.88246,4.27407
11.28236,-7.66748,3.14931
9.00918,-7.45304,2.69941
11.71272,-11.71272,3.82417
8.95798,-11.54855,3.37427
6.94393,-11.74154,3.14931
7.88247,-16.75109,4.27407
3.91426,-12.04685,2.92436
2.76318,-12.36175,2.92436
2.32030,-18.36705,4.27407
-0.00000,-12.61384,3.14498
-1.45932,-11.55173,2.90306
-4.65660,-20.83241,5.32228
-4.60146,-12.78106,3.38691
-15.28588,-32.48414,8.95111
-8.32581,-10.73357,3.38691
-8.63477,-9.19510,3.14498
-12.70964,-10.51432,4.11267
-10.43266,-7.09003,3.14498
-7.65249,-4.20699,2.17730
-12.46691,-5.39491,3.38691
-7.45415,-2.16563,1.93538
-6.67176,-1.27271,1.69345
-11.59187,-1.09575,2.90306
-7.75853,0.24382,1.93538
-7.70116,0.97288,1.93538
-12.31006,2.75163,3.14498
-11.07367,3.59805,2.90306
-10.68592,4.62421,2.90306
-14.19796,8.39665,4.11267
-9.20021,7.13641,2.90306
-6.36584,5.97792,2.17730
-12.19170,13.82876,4.59652
-7.41423,10.20481,3.14498
-6.91489,11.69244,3.38691
-11.56769,24.58259,6.77381
-5.09724,15.68770,4.11267
-2.96329,13.25699,3.38691
-2.10020,22.21776,5.56420
0.00000,12.61384,3.14498
1.70254,13.47702,3.38691
4.65659,20.83241,5.32228
4.19773,12.91928,3.38691
5.78385,12.29129,3.38691
10.86625,18.37383,5.32228
9.69553,13.34475,4.11267
9.62502,10.91744,3.62883
16.01225,14.11670,5.32228
13.34476,9.69553,4.11267
14.45470,7.94654,4.11267
15.13838,6.55097,4.11267
13.97653,4.06056,3.62883
14.29664,2.72723,3.62883
16.46247,1.03573,4.11267
12.60762,-0.39621,3.14498
13.47702,-1.70254,3.38691
17.04470,-3.80995,4.35459
10.95519,-3.94411,2.90306
13.16925,-6.19697,3.62883
13.92721,-8.83848,4.11267
10.73358,-8.32581,3.38691
11.66374,-11.66374,4.11267
10.10992,-13.03363,4.11267
6.42097,-10.85727,3.14498
9.91517,-21.07079,5.80613
4.49757,-13.84209,3.62883
3.59828,-16.09777,4.11267
1.82415,-14.43967,3.62883
-0.42669,-13.57744,3.38691
-2.43221,-19.25289,4.83844
-4.49757,-13.84209,3.62883
-5.37071,-11.41335,3.14498
-6.91489,-11.69244,3.38691
-7.13641,-9.20021,2.90306
-7.97056,-8.48778,2.90306
-12.37310,-10.90836,4.11267
-7.84986,-5.70325,2.41922
-7.65249,-4.20699,2.17730
-10.68592,-4.62421,2.90306
-11.18122,-3.24845,2.90306
-4.76555,-0.90908,1.20961
-11.59187,-1.09575,2.90306
-8.73266,0.00000,2.17730
-7.72792,0.73050,1.93538
-12.31006,2.75163,3.14498
-8.30525,2.69854,2.17730
-6.23345,2.69746,1.69345
-10.02209,5.92705,2.90306
-6.90016,5.35231,2.17730
-7.07315,6.64213,2.41922
-7.42188,8.97151,2.90306
-6.54464,9.63015,2.90306
-6.07676,11.05360,3.14498
-7.32167,16.91937,4.59652
-3.78985,13.04476,3.38691
-2.36360,12.39042,3.14498
-2.00889,21.25177,5.32228
0.00000,12.61384,3.14498
1.58093,12.51438,3.14498
3.80994,17.04470,4.35459
4.60146,12.78106,3.38691
5.37072,11.41335,3.14498
8.83848,13.92721,4.11267
8.32581,10.73358,3.38691
7.97056,8.48778,2.90306
13.82876,12.19169,4.59652
9.41983,6.84390,2.90306
11.05359,6.07677,3.14498
16.91937,7.32167,4.59652
11.18122,3.24845,2.90306
9.53109,1.81815,2.41922
18.35380,1.73495,4.59652
11.63780,-0.36573,2.90306
11.55174,-1.45932,2.90306
13.15737,-3.37824,3.38691
11.86812,-4.27278,3.14498
12.29130,-5.78384,3.38691
15.03314,-8.89058,4.35459
11.77478,-8.55488,3.62883
9.46179,-8.34168,3.14498
12.62005,-13.43898,4.59652
5.70326,-7.84986,2.41922
6.42097,-10.85727,3.14498
9.08891,-19.31489,5.32228
4.19773,-12.91928,3.38691
2.72723,-14.29663,3.62883
1.55232,-16.42182,4.11267
-0.39443,-12.55084,3.36465
-1.45275,-11.49971,3.10583
-4.00349,-17.91060,4.91756
-4.58074,-12.72350,3.62347
-3.70144,-7.86596,2.32937
-10.81732,-18.29109,5.69402
-5.32821,-6.86908,2.32937
-20.49038,-20.49038,7.76457
-10.15886,-7.38084,3.36465
-7.61803,-4.18805,2.32937
-11.52428,-4.98700,3.36465
-8.26785,-2.68639,2.32937
-6.64172,-1.26698,1.81173
-4.82010,-0.30326,1.29409
-4.82725,0.15170,1.29409
-6.70816,0.84744,1.81173
-7.54131,1.68568,2.07055
-8.17939,2.94476,2.32937
-6.99197,3.29017,2.07055
-11.63978,6.88375,3.62347
-7.81450,5.67757,2.58819
-7.24552,6.38778,2.58819
-15.86932,16.89911,6.21165
-6.81308,9.37741,3.10583
-6.04940,11.00381,3.36465
-5.75423,13.29724,3.88228
-3.23381,11.13087,3.10583
-2.17196,11.38580,3.10583
-1.81804,19.23278,5.17638
0.00000,16.42074,4.39992
1.27262,13.46295,3.62347
3.98192,20.87397,5.69402
5.07429,15.61705,4.39992
7.40289,15.73192,4.65874
9.22982,13.58128,4.39992
11.08268,13.39666,4.65874
9.56218,9.56218,3.62347
11.72176,8.51635,3.88228
10.15737,5.58406,3.10583
15.07021,6.52146,4.39992
12.05844,3.50330,3.36465
13.28343,2.53395,3.62347
19.23278,1.81803,5.17638
16.42074,-0.00000,4.39992
14.37464,-1.81593,3.88228
17.91060,-4.00350,4.91756
13.63232,-4.90793,3.88228
12.23594,-5.75779,3.62347
12.23337,-7.76354,3.88228
11.44847,-8.88034,3.88228
12.67434,-11.90199,4.65874
12.13679,-13.76648,4.91756
9.77276,-14.38017,4.65874
6.98007,-12.69671,3.88228
4.62255,-11.67524,3.36465
4.04227,-13.91359,3.88228
2.26655,-14.31051,3.88228
0.45510,-14.48174,3.88228
-0.78846,-12.53226,3.36465
-2.11546,-13.35647,3.62347
-3.77279,-12.98602,3.62347
-4.62255,-11.67524,3.36465
-7.91075,-14.38960,4.39992
-7.38084,-10.15886,3.36465
-7.66534,-8.69462,3.10583
-8.44956,-7.93466,3.10583
-6.86908,-5.32820,2.32937
-9.78670,-6.21083,3.10583
-6.02452,-3.06965,1.81173
-8.17939,-2.94476,2.32937
-7.48464,-1.92173,2.07055
-9.54034,-1.51104,2.58819
-7.72359,-0.24272,2.07055
-6.74814,0.42456,1.81173
-11.44840,1.81325,3.10583
-9.27572,2.69485,2.58819
-10.63780,4.60338,3.10583
-7.61803,4.18804,2.32937
-7.19009,4.88638,2.32937
-8.69462,7.66534,3.10583
-5.11023,5.79641,2.07055
-9.65187,13.28466,4.39992
-6.88375,11.63978,3.62347
-4.93525,10.48795,3.10583
-4.90794,13.63231,3.88228
-3.12281,12.16253,3.36465
-2.56877,16.21857,4.39992
0.00000,17.38667,4.65874
1.18172,12.50131,3.36465
5.05704,22.62392,6.21165
5.37277,16.53570,4.65874
6.16907,13.10993,3.88228
6.88375,11.63978,3.62347
7.94860,10.94030,3.62347
11.49801,13.04193,4.65874
9.15368,8.59588,3.36465
10.68524,8.28832,3.62347
10.80837,6.39205,3.36465
20.97590,9.87051,6.21165
16.53570,5.37277,4.65874
14.23225,2.71495,3.88228
19.23278,1.81803,5.17638
14.48889,-0.00000,3.88228
13.41633,-1.69487,3.62347
16.02527,-3.58208,4.39992
15.44996,-5.56232,4.39992
13.10994,-6.16906,3.88228
14.68005,-9.31624,4.65874
12.97493,-10.06438,4.39992
9.85782,-9.25710,3.62347
8.30412,-9.41917,3.36465
5.42931,-7.98899,2.58819
6.13930,-12.04905,3.62347
4.90794,-13.63231,3.88228
3.79278,-16.96794,4.65874
2.17912,-17.24957,4.65874
-0.84501,-13.43111,3.85892
-3.42233,-17.94047,5.23711
-5.04979,-15.54164,4.68583
-6.87173,-15.87964,4.96147
-9.26183,-16.84720,5.51275
-9.60526,-13.22051,4.68583
-8.26402,-9.37369,3.58328
-14.42106,-12.71387,5.51275
-9.33212,-6.78018,3.30765
-10.75618,-6.36119,3.58328
-14.78618,-6.95785,4.68583
-9.14214,-2.97046,2.75637
-6.60965,-1.26086,1.92946
-13.39794,-1.26648,3.85892
-12.49640,0.00000,3.58328
-11.48395,1.08555,3.30765
-18.88470,3.60245,5.51275
-10.97057,3.56455,3.30765
-12.35083,5.34468,3.85892
-15.16248,8.33564,4.96147
-7.59546,5.89164,2.75637
-13.31386,12.50255,5.23711
-10.17028,13.99819,4.96147
-7.33983,12.41098,4.13456
-15.14355,32.18169,10.19858
-4.82730,16.61568,4.96147
-3.06208,16.05200,4.68583
-0.51330,16.33338,4.68583
1.02609,16.30920,4.68583
4.50305,23.60588,6.89093
5.04978,15.54164,4.68583
7.63526,17.64405,5.51275
12.23304,20.68496,6.89093
9.60526,13.22051,4.68583
12.71387,14.42106,5.51275
17.51824,16.45072,6.89093
14.77587,10.73529,5.23711
12.63540,6.94637,4.13456
19.40845,8.39879,6.06402
13.84640,4.02275,4.13456
16.99623,3.24221,4.96147
21.05390,1.99018,6.06402
17.30271,-0.00000,4.96147
13.35155,-1.68669,3.85892
23.45278,-5.24233,6.89093
16.45585,-5.34683,4.96147
15.65596,-7.36713,4.96147
19.03016,-11.25441,6.33966
13.22051,-9.60526,4.68583
9.37369,-8.26402,3.58328
15.25665,-17.30527,6.61530
6.78019,-9.33212,3.30765
6.48328,-11.79304,3.85892
8.78055,-20.29066,6.33966
5.34683,-16.45585,4.96147
3.77447,-16.88601,4.96147
3.01195,-23.84204,6.89093
-0.00000,-14.41893,4.13456
-1.62833,-17.22592,4.96147
-2.70184,-14.16353,4.13456
-4.55862,-12.66206,3.85892
-7.36714,-15.65596,4.96147
-9.60526,-13.22051,4.68583
-8.89971,-10.09474,3.85892
-14.01459,-13.16058,5.51275
-10.88748,-7.91022,3.85892
-8.27398,-4.89322,2.75637
-20.87461,-9.82285,6.61530
-7.31371,-2.37637,2.20510
-12.19545,-2.72600,3.58328
-17.16627,-2.16860,4.96147
-8.65135,0.00000,2.48074
-9.53682,1.20478,2.75637
-14.07167,3.14539,4.13456
-10.97057,3.56455,3.30765
-11.30708,5.32071,3.58328
-14.06577,8.31847,4.68583
-9.11455,7.06997,3.30765
-9.81021,9.21241,3.85892
-11.44249,12.97895,4.96147
-9.60526,13.22051,4.68583
-6.85051,11.58358,3.85892
-9.82284,20.87461,6.61530
-5.34683,16.45585,4.96147
-3.77447,16.88600,4.96147
-3.25291,25.74941,7.44221
0.00000,17.30271,4.96147
1.62833,17.22592,4.96147
4.86330,25.49435,7.44221
4.45569,13.71321,4.13456
5.34468,12.35083,3.85892
12.23304,20.68496,6.89093
9.60526,13.22051,4.68583
9.53540,10.81580,4.13456
11.91240,11.18649,4.68583
11.66516,8.47523,4.13456
12.41098,7.33983,4.13456
16.98141,6.72341,5.23711
11.07712,3.21820,3.30765
16.99623,3.24221,4.96147
19.13991,1.80925,5.51275
14.41893,-0.00000,4.13456
12.44094,-1.17602,3.58328
22.66164,-4.32293,6.61530
13.71321,-4.45569,4.13456
10.58643,-4.58116,3.30765
21.05900,-11.57729,6.89093
10.10980,-7.34520,3.58328
9.37369,-8.26402,3.58328
13.16058,-14.01459,5.51275
6.78019,-9.33212,3.30765
5.87186,-9.92878,3.30765
10.23214,-21.74438,6.89093
4.45569,-13.71321,4.13456
2.51631,-11.25734,3.30765
1.99019,-21.05390,6.06402
-0.00000,-12.43196,3.80083
-1.25995,-13.32885,4.09320
-3.40468,-17.84795,5.55506
-2.91543,-8.09792,2.63135
-7.32915,-15.57523,5.26269
-6.74522,-9.28400,3.50846
-5.69174,-6.45601,2.63135
-13.94232,-13.09271,5.84743
-7.73667,-5.62102,2.92372
-6.70413,-3.68563,2.33897
-13.16480,-5.69692,4.38557
-8.26500,-2.40121,2.63135
-7.51493,-1.43355,2.33897
-9.52061,-0.89996,2.92372
-4.78152,0.00000,1.46186
-3.79506,0.47943,1.16949
-11.19928,2.50334,3.50846
-4.49884,1.61968,1.46186
-8.65290,4.07175,2.92372
-10.49665,6.66138,3.80083
-6.80066,5.27513,2.63135
-6.27405,5.89172,2.63135
-11.38349,12.91202,5.26269
-6.45027,9.49129,3.50846
-5.52844,10.05619,3.50846
-5.50692,15.29607,4.97032
-2.37823,9.26261,2.92372
-2.84238,17.94609,5.55506
-0.42054,13.38166,4.09320
0.78061,12.40743,3.80083
2.24399,14.16796,4.38557
3.73521,12.85667,4.09320
4.92855,12.44810,4.09320
6.51230,12.78111,4.38557
5.62102,7.73667,2.92372
9.48623,10.76002,4.38557
13.24521,12.43808,5.55506
10.83134,7.86942,4.09320
8.23132,4.86799,2.92372
11.55895,4.57651,3.80083
11.93833,3.46841,3.80083
12.27890,1.94479,3.80083
13.38166,0.42054,4.09320
11.42473,-1.07996,3.50846
13.15112,-2.50871,4.09320
10.66980,-4.22447,3.50846
16.76032,-9.21407,5.84743
10.83133,-7.86943,4.09320
9.32535,-8.22140,3.80083
12.64831,-14.34669,5.84743
6.74522,-9.28400,3.50846
6.32838,-10.70071,3.80083
7.73633,-16.44051,5.55506
2.95514,-9.09500,2.92372
2.92056,-13.06583,4.09320
2.63685,-20.87281,6.43218
-0.00000,-13.38827,4.09320
-1.07995,-11.42473,3.50846
-3.58387,-18.78732,5.84743
-2.95514,-9.09500,2.92372
-3.79794,-8.77653,2.92372
-9.21407,-16.76032,5.84743
-7.30732,-10.05767,3.80083
-5.69174,-6.45601,2.63135
-13.94232,-13.09271,5.84743
-10.05767,-7.30732,3.80083
-10.70071,-6.32838,3.80083
-15.57523,-7.32915,5.26269
-10.91400,-3.54617,3.50846
-9.33274,-2.08611,2.92372
-14.28091,-1.34994,4.38557
-8.60674,0.00000,2.63135
-6.66442,0.62997,2.04660
-17.84795,3.40468,5.55506
-7.27600,2.36412,2.33897
-7.02122,3.03836,2.33897
-11.73223,6.44985,4.09320
-9.28400,6.74522,3.50846
-7.17335,6.32416,2.92372
-8.20576,10.57881,4.09320
-7.17379,11.30409,4.09320
-9.36502,19.90168,6.72455
-4.43272,13.64250,4.38557
-1.79194,9.39366,2.92372
-1.97992,20.94533,6.43218
0.39050,12.42583,3.80083
1.67799,13.28270,4.09320
4.17223,18.66548,5.84743
2.95514,9.09500,2.92372
4.88610,10.38348,3.50846
9.24917,15.63950,5.55506
7.03351,9.06755,3.50846
5.89172,6.27404,2.63135
9.82318,7.61963,3.80083
11.30409,7.17379,4.09320
19.90168,9.36502,6.72455
11.82350,3.84168,3.80083
13.15112,2.50871,4.09320
18.08915,1.70993,5.55506
11.47566,-0.00000,3.50846
13.28270,-1.67799,4.09320
16.79893,-3.75502,5.26269
16.37100,-5.31926,5.26269
12.97936,-6.10762,4.38557
18.10889,-10.70958,6.43218
12.84569,-9.96414,4.97032
11.85098,-11.12880,4.97032
12.01590,-13.62936,5.55506
8.06285,-11.86412,4.38557
6.91055,-12.57024,4.38557
8.73527,-20.18602,6.72455
5.31926,-16.37100,5.26269
2.92056,-13.06583,4.09320
2.63685,-20.87281,6.43218
-0.00000,-13.31479,4.32624
-1.34253,-14.20254,4.63525
-4.09883,-21.48684,7.10739
-4.51022,-12.52763,4.32624
-4.85928,-10.32650,3.70820
-9.68254,-16.37229,6.18034
-8.74364,-11.27223,4.63525
-9.11460,-9.70606,4.32624
-14.27816,-11.07527,5.87132
-11.24205,-7.13442,4.32624
-18.93192,-8.90868,6.79837
-9.04508,-2.93893,3.09017
-7.42522,-1.65973,2.47214
-17.92758,-2.26478,5.87132
-8.55951,0.00000,2.78115
-8.52152,0.80552,2.78115
-13.07895,2.49494,4.32624
-11.75861,3.82060,4.01722
-6.10986,2.64397,2.16312
-10.83442,5.95627,4.01722
-9.76927,7.57782,4.01722
-9.01277,8.46356,4.01722
-7.57782,9.76927,4.01722
-6.77778,11.46060,4.32624
-6.07410,12.90812,4.63525
-3.82060,11.75861,4.01722
-2.48960,11.13782,3.70820
-2.02639,16.04047,5.25329
0.00000,14.26585,4.63525
1.16353,12.30886,4.01722
3.92062,20.55263,6.79837
4.99617,15.37664,5.25329
6.88399,14.62921,5.25329
9.19841,15.55367,5.87132
10.49236,13.52668,5.56231
11.71877,12.47922,5.56231
11.27223,8.74364,4.63525
12.04505,7.64403,4.63525
14.62921,6.88399,5.25329
13.56763,4.40838,4.63525
13.92228,3.11200,4.63525
16.04047,2.02638,5.25329
16.16796,-0.00000,5.25329
13.25570,-1.25303,4.32624
18.68422,-3.56420,6.18034
15.37664,-4.99618,5.25329
11.34687,-4.91023,4.01722
19.16859,-10.53803,7.10739
11.54131,-8.38526,4.63525
9.98757,-8.80523,4.32624
12.36982,-13.17251,5.87132
7.26722,-10.00247,4.01722
6.29365,-10.64199,4.01722
8.90869,-18.93191,6.79837
5.87785,-18.09017,6.18034
2.31674,-12.14474,4.01722
1.96906,-20.83038,6.79837
-0.44810,-14.25881,4.63525
-1.54959,-12.26624,4.01722
-4.73036,-18.42355,6.18034
-4.83238,-13.42246,4.63525
-4.31771,-8.47398,3.09017
-6.94945,-10.22580,4.01722
-7.88094,-9.52642,4.01722
-14.79497,-14.79496,6.79837
-9.76927,-7.57782,4.01722
-9.82337,-5.80953,3.70820
-19.79246,-9.31362,7.10739
-11.75861,-3.82060,4.01722
-11.13782,-2.48960,3.70820
-17.92758,-2.26478,5.87132
-12.36373,0.00000,4.01722
-8.52152,0.80552,2.78115
-17.63489,3.94187,5.87132
-11.75861,3.82060,4.01722
-11.34687,4.91023,4.01722
-15.00151,8.24715,5.56231
-10.77189,7.82624,4.32624
-9.27417,8.17628,4.01722
-13.02086,13.86581,6.18034
-7.82624,10.77189,4.32624
-5.95627,10.83442,4.01722
-7.17649,16.58389,5.87132
-4.99618,15.37664,5.25329
-2.48960,11.13782,3.70820
-2.86078,22.64537,7.41641
0.00000,16.16796,5.25329
1.52154,16.09621,5.25329
3.92062,20.55263,6.79837
3.52671,10.85410,3.70820
6.42107,14.83822,5.25329
6.87262,12.50126,4.63525
6.41488,9.43920,3.70820
10.30584,12.45763,5.25329
10.08748,10.08748,4.63525
10.99202,9.09340,4.63525
13.65106,8.66323,5.25329
16.10055,8.20364,5.87132
12.52763,4.51023,4.32624
12.89648,3.31125,4.32624
18.78695,2.97556,6.18034
16.15998,0.50785,5.25329
16.13606,-1.01520,5.25329
15.88158,-3.02957,5.25329
13.69940,-3.98004,4.63525
15.03259,-5.95183,5.25329
18.33517,-10.07985,6.79837
13.08015,-9.50329,5.25329
10.39936,-9.76564,4.63525
9.43417,-10.70097,4.63525
7.82624,-10.77189,4.32624
6.77778,-11.46060,4.32624
5.28794,-12.21971,4.32624
4.11450,-12.66312,4.32624
2.90453,-12.99413,4.32624
2.02638,-16.04047,5.25329
-0.00000,-16.07381,5.53466
-1.33472,-14.11983,4.88352
-3.54345,-18.57541,6.51136
-4.80424,-13.34430,4.88352
-8.58513,-16.84926,6.51136
-9.03482,-13.29434,5.53466
-8.75396,-9.92941,4.55795
-12.40656,-11.65054,5.86023
-10.94828,-7.44044,4.55795
-19.88554,-10.93217,7.81364
-11.69014,-3.79836,4.23239
-11.14525,-2.12607,3.90682
-16.94380,-1.60166,5.86023
-11.34622,0.00000,3.90682
-9.41322,0.88981,3.25568
-20.43296,3.89779,7.16250
-8.99241,2.92181,3.25568
-7.80979,3.37960,2.93011
-14.08559,7.74362,5.53466
-9.94423,7.22491,4.23239
-9.92941,8.75396,4.55795
-11.88037,13.47563,6.18579
-8.33643,11.47411,4.88352
-7.74362,14.08559,5.53466
-7.51021,17.35508,6.51136
-5.55145,17.08559,6.18579
-2.65759,13.93156,4.88352
-2.04657,21.65041,7.48807
0.00000,13.23726,4.55795
1.33472,14.11983,4.88352
3.54344,18.57541,6.51136
4.96708,15.28711,5.53466
7.24648,15.39955,5.86023
9.44795,13.00399,5.53466
9.37924,10.63866,4.88352
13.78506,12.94504,6.51136
13.00399,9.44795,5.53466
14.08559,7.74362,5.53466
13.01631,5.63266,4.88352
12.58938,4.09053,4.55795
13.93156,2.65759,4.88352
12.26748,0.77180,4.23239
13.23073,-0.41579,4.55795
12.19482,-1.54056,4.23239
12.82139,-3.29197,4.55795
12.30769,-4.87296,4.55795
12.63695,-6.43885,4.88352
11.97491,-7.59951,4.88352
11.20659,-8.69272,4.88352
8.27104,-7.76702,3.90682
7.50339,-8.51093,3.90682
6.90898,-10.16626,4.23239
6.37710,-11.59990,4.55795
5.25715,-12.14856,4.55795
4.38272,-13.48862,4.88352
3.09388,-13.84121,4.88352
1.77757,-14.07094,4.88352
-0.00000,-14.18278,4.88352
-1.51268,-16.00248,5.53466
-3.18910,-16.71787,5.86023
-4.48445,-15.43558,5.53466
-4.52489,-11.42857,4.23239
-5.15108,-10.10956,3.90682
-7.44044,-10.94828,4.55795
-10.24583,-12.38509,5.53466
-11.36590,-11.36590,5.53466
-8.96527,-6.95418,3.90682
-10.37826,-6.58624,4.23239
-11.79448,-6.00959,4.55795
-12.30769,-4.87296,4.55795
-12.71165,-3.69308,4.55795
-12.07402,-2.30324,4.23239
-13.21114,-0.83118,4.55795
-12.28568,0.38609,4.23239
-12.19482,1.54056,4.23239
-8.30473,1.85633,2.93011
-8.99241,2.92181,3.25568
-11.28080,4.88164,4.23239
-7.32463,4.33177,2.93011
-9.47095,7.83505,4.23239
-10.02874,10.02874,4.88352
-8.11321,10.45949,4.55795
-6.58625,10.37826,4.23239
-7.29736,14.32187,5.53466
-5.22103,13.18681,4.88352
-3.52711,13.73720,4.88352
-2.07076,13.07429,4.55795
-0.38609,12.28567,4.23239
1.00928,16.04210,5.53466
3.01193,15.78910,5.53466
3.95687,13.61963,4.88352
4.87296,12.30769,4.55795
6.83261,12.42846,4.88352
9.56628,14.07636,5.86023
11.45123,13.84216,6.18579
12.03448,12.03449,5.86023
12.38508,10.24584,5.53466
14.07636,9.56629,5.86023
14.08559,7.74362,5.53466
15.61957,6.75919,5.86023
15.28711,4.96708,5.53466
15.68670,3.50640,5.53466
14.07094,1.77757,4.88352
17.01093,0.53459,5.86023
12.26748,-0.77181,4.23239
14.00816,-2.21868,4.88352
15.56882,-3.99740,5.53466
15.82417,-6.26524,5.86023
12.63695,-6.43885,4.88352
10.94828,-7.44044,4.55795
10.92801,-9.04045,4.88352
9.06153,-9.64954,4.55795
10.43127,-13.44791,5.86023
8.18224,-13.83541,5.53466
6.84390,-14.54402,5.53466
4.80425,-13.34430,4.88352
2.88762,-12.91846,4.55795
1.77757,-14.07094,4.88352
0.53459,-17.01093,5.86023
-1.06207,-16.88109,6.15636
-2.49901,-15.77810,5.81434
-4.98115,-17.14524,6.49838
-5.88071,-14.85297,5.81434
-6.39917,-12.55908,5.13030
-10.49441,-14.44432,6.49838
-11.80717,-13.39260,6.49838
-16.44016,-15.43833,8.20848
-15.20455,-11.04675,6.84040
-12.13249,-7.17514,5.13030
-17.24815,-7.46394,6.84040
-15.19291,-4.93648,5.81434
-12.83887,-2.86983,4.78828
-17.71338,-2.23772,6.49838
-13.15570,0.00000,4.78828
-15.84881,2.00217,5.81434
-17.42417,3.89477,6.49838
-13.26208,4.77464,5.13030
-11.90363,5.60142,4.78828
-16.17666,9.56685,6.84040
-13.68409,9.94208,6.15636
-9.86823,8.70002,4.78828
-15.43833,16.44016,8.20848
-7.73272,10.64318,4.78828
-6.79050,12.35188,5.13030
-8.21033,18.97296,7.52444
-5.24331,18.04762,6.84040
-3.52162,18.46096,6.84040
-0.59033,18.78458,6.84040
1.06207,16.88109,6.15636
4.22593,22.15315,8.20848
6.36619,17.68278,6.84040
7.60194,16.15492,6.49838
11.07728,17.45499,7.52444
10.36699,13.36506,6.15636
15.94711,15.94711,8.20848
14.85006,11.51888,6.84040
17.45499,11.07728,7.52444
16.74545,8.53223,6.84040
16.79864,6.04788,6.49838
15.59005,3.48479,5.81434
20.51022,2.59104,7.52444
17.85416,-0.00000,6.49838
18.64566,-2.35549,6.84040
17.14524,-4.98115,6.49838
14.85297,-5.88071,5.81434
16.74545,-8.53223,6.84040
15.54403,-10.56371,6.84040
12.30877,-10.18271,5.81434
18.65466,-19.86518,9.91858
8.28506,-11.40341,5.13030
9.08851,-15.36783,6.49838
10.00255,-21.25648,8.55050
6.38838,-19.66142,7.52444
3.68978,-16.50711,6.15636
2.70882,-21.44251,7.86646
-0.00000,-16.91447,6.15636
-2.11994,-16.78109,6.15636
-4.91970,-22.00948,8.20848
-5.22686,-16.08661,6.15636
-6.00153,-12.75389,5.13030
-11.48022,-19.41199,8.20848
-9.38974,-12.92386,5.81434
-9.32145,-10.57311,5.13030
-17.12516,-16.08160,8.55050
-10.64318,-7.73272,4.78828
-11.32366,-6.69679,4.78828
-16.15493,-7.60193,6.49838
-12.51181,-4.06533,4.78828
-15.59005,-3.48479,5.81434
-16.83940,-1.59179,6.15636
-13.15570,0.00000,4.78828
-13.05196,1.64885,4.78828
-17.42417,3.89477,6.49838
-12.37794,4.45633,4.78828
-11.05337,5.20132,4.44626
-16.17666,9.56685,6.84040
-9.88295,7.18039,4.44626
-11.98286,10.56431,5.81434
-14.79507,15.75515,7.86646
-8.28506,11.40341,5.13030
-7.17514,12.13249,5.13030
-10.00254,21.25648,8.55050
-5.22686,16.08661,6.15636
-3.16946,16.61487,6.15636
-1.94553,20.58149,7.52444
0.53129,16.90612,6.15636
2.00217,15.84881,5.81434
4.71471,21.09242,7.86646
4.35571,13.40551,5.13030
7.09074,16.38574,6.49838
11.31751,20.58647,8.55050
9.94208,13.68409,6.15636
11.18574,12.68773,6.15636
14.09748,12.42860,6.84040
13.21242,8.97916,5.81434
12.35188,6.79051,5.13030
19.83537,8.58353,7.86646
15.19292,4.93647,5.81434
15.59005,3.48479,5.81434
20.58149,1.94552,7.52444
14.08844,-0.44275,5.13030
16.78109,-2.11994,6.15636
16.38307,-4.20646,6.15636
13.26208,-4.77464,5.13030
16.15493,-7.60193,6.49838
18.60316,-11.00188,7.86646
13.68409,-9.94208,6.15636
10.27510,-9.64896,5.13030
13.67146,-15.50722,7.52444
9.94208,-13.68409,6.15636
6.79051,-12.35188,5.13030
8.21033,-18.97296,7.52444
4.71899,-16.24286,6.15636
2.46514,-12.92267,4.78828
1.29809,-20.63244,7.52444
-0.43987,-13.99680,5.37552
-1.75513,-13.89328,5.37552
-3.86943,-17.31084,6.80899
-6.00854,-16.68937,6.80899
-6.35755,-12.47739,5.37552
-7.68243,-10.57395,5.01715
-10.49559,-11.90491,6.09226
-15.65267,-14.69884,8.24246
-10.57395,-7.68243,5.01715
-9.64286,-5.70277,4.30042
-16.27916,-7.04462,6.80899
-13.31832,-4.32738,5.37552
-7.33635,-1.39948,2.86694
-16.72987,-1.58144,6.45062
-12.13056,0.38122,4.65878
-11.11463,1.40410,4.30042
-15.48864,3.46212,6.09226
-11.41904,4.11111,4.65878
-7.60256,3.57749,3.22531
-13.66072,8.07893,6.09226
-8.85208,6.86638,4.30042
-8.16661,7.66896,4.30042
-13.58253,15.40635,7.88410
-8.23117,11.32924,5.37552
-6.29658,11.45344,5.01715
-6.67385,15.42236,6.45062
-3.64645,12.55116,5.01715
-2.27416,11.92157,4.65878
-1.75716,18.58874,7.16736
0.41054,13.06367,5.01715
1.75513,13.89328,5.37552
4.17910,16.27650,6.45062
5.37606,14.93260,6.09226
7.15499,15.20512,6.45062
8.07893,13.66072,6.09226
7.73612,9.35137,4.65878
11.22240,11.22240,6.09226
13.27812,10.29956,6.45062
11.03547,7.00333,5.01715
8.31826,4.23836,3.58368
13.31832,4.32738,5.37552
13.66645,3.05481,5.37552
15.80043,1.49358,6.09226
14.00371,-0.00000,5.37552
13.89328,-1.75512,5.37552
15.48864,-3.46213,6.09226
12.29743,-4.42734,5.01715
11.82621,-5.56499,5.01715
17.67858,-10.45509,7.88410
11.32923,-8.23117,5.37552
9.52771,-8.94711,5.01715
13.58253,-15.40636,7.88410
7.68243,-10.57395,5.01715
6.35755,-12.47739,5.37552
4.11111,-11.41904,4.65878
3.05481,-13.66645,5.37552
2.10859,-22.30649,8.60083
-0.00000,-11.20296,4.30042
-1.31787,-13.94156,5.37552
-3.32377,-17.42384,6.80899
-4.81143,-12.15230,5.01715
-8.99512,-16.36205,7.16736
-8.23117,-11.32924,5.37552
-6.17388,-7.00289,3.58368
-12.93047,-12.14252,6.80899
-10.03790,-6.82175,4.65878
-13.90775,-7.64585,6.09226
-12.29743,-4.42735,5.01715
-10.85100,-2.78606,4.30042
-13.83130,-2.19066,5.37552
-9.33580,0.00000,3.58368
-7.43550,0.70286,2.86694
-18.34088,3.49871,7.16736
-11.54254,3.75040,4.65878
-10.28157,4.44923,4.30042
-14.46429,8.55416,6.45062
-9.06339,6.58494,4.30042
-8.16661,7.66896,4.30042
-10.49559,11.90491,6.09226
-7.13368,9.81867,4.65878
-6.29658,11.45344,5.01715
-6.67385,15.42236,6.45062
-4.90437,15.09409,6.09226
-2.27416,11.92157,4.65878
-1.58144,16.72987,6.45062
0.43987,13.99679,5.37552
1.75513,13.89328,5.37552
4.48039,20.04413,7.88410
4.32738,13.31832,5.37552
5.96249,12.67093,5.37552
9.02939,15.26787,6.80899
10.29956,13.27812,6.45062
8.30804,8.84716,4.65878
12.54045,9.72736,6.09226
13.40021,8.50404,6.09226
12.47740,6.35755,5.37552
14.93259,5.37607,6.09226
10.93316,2.44385,4.30042
20.37681,2.57419,7.88410
14.00371,-0.00000,5.37552
13.01212,-1.23001,5.01715
21.09202,-4.02351,8.24246
12.43043,-4.03889,5.01715
11.99517,-5.19077,5.01715
16.07144,-9.50463,7.16736
11.06510,-8.58297,5.37552
9.52771,-8.94711,5.01715
13.58253,-15.40636,7.88410
9.32866,-12.83980,6.09226
7.12847,-12.05358,5.37552
9.53999,-20.27349,8.60083
4.90437,-15.09409,6.09226
3.05481,-13.66645,5.37552
2.22316,-17.59816,6.80899
-1.04793,-16.65638,6.74292
-2.17565,-13.73653,5.61910
-5.15728,-15.87248,6.74292
-5.52344,-12.76391,5.61910
-11.32740,-19.15359,8.99056
-10.22900,-13.18714,6.74292
-8.88581,-9.46243,5.24449
-12.51884,-11.03684,6.74292
-11.74271,-7.45215,5.61910
-15.69641,-7.99772,7.11752
-12.34526,-4.01122,5.24449
-11.76311,-2.62936,4.86988
-21.23059,-2.00688,8.61595
-13.90776,0.00000,5.61910
-11.95835,1.51069,4.86988
-18.09709,4.04518,7.49213
-13.22706,4.29773,5.61910
-10.21113,4.41875,4.49528
-15.96132,9.43950,7.49213
-9.75140,7.08481,4.86988
-9.46243,8.88581,5.24449
-12.26316,13.90982,7.49213
-6.77501,9.96913,4.86988
-6.70011,12.18746,5.61910
-8.83750,20.42225,8.99056
-3.62146,12.46516,5.24449
-2.17565,13.73653,5.61910
-0.55335,17.60780,7.11752
0.75684,12.02960,4.86988
3.30100,17.30446,7.11752
4.29773,13.22706,5.61910
5.52344,12.76391,5.61910
10.27351,18.68744,8.61595
7.62979,10.50150,5.24449
10.42368,11.82335,6.36831
15.54542,14.59812,8.61595
10.50151,7.62979,5.24449
13.81246,7.59346,6.36831
16.37940,6.48506,7.11752
12.46516,3.62147,5.24449
12.75065,2.43232,5.24449
17.53831,1.65786,7.11752
13.90776,-0.00000,5.61910
11.07683,-1.04707,4.49528
16.28737,-3.64067,6.74292
13.08554,-4.71108,5.61910
12.58412,-5.92163,5.61910
15.65694,-9.93620,7.49213
10.98929,-8.52416,5.61910
9.46243,-8.88581,5.24449
10.04716,-12.14493,6.36831
7.81732,-11.50284,5.61910
6.25344,-11.37496,5.24449
8.10104,-18.72040,8.24134
4.87076,-14.99067,6.36831
2.25858,-11.83989,4.86988
1.13433,-11.99990,4.86988
-0.00000,-16.68931,6.74292
-1.30884,-13.84604,5.61910
-3.03388,-13.57281,5.61910
-5.44380,-16.75428,7.11752
-5.15521,-11.91298,5.24449
-5.80676,-10.56247,4.86988
-7.62979,-10.50150,5.24449
-8.58421,-9.73687,5.24449
-8.11066,-7.61641,4.49528
-8.79143,-6.81933,4.49528
-11.74271,-7.45215,5.61910
-9.91352,-5.05119,4.49528
-11.20696,-4.43715,4.86988
-10.68442,-3.10411,4.49528
-11.90499,-1.88557,4.86988
-8.32819,-0.52397,3.37146
-11.12072,0.34948,4.49528
-11.03847,1.39448,4.49528
-10.77666,2.76697,4.49528
-12.21317,4.39701,5.24449
-10.06729,4.73731,4.49528
-10.37486,6.13567,4.86988
-6.59357,5.11450,3.37146
-10.13832,9.52052,5.61910
-8.86514,10.71611,5.61910
-7.29616,10.73598,5.24449
-5.80676,10.56247,4.86988
-3.68229,8.50927,3.74607
-3.43819,10.58165,4.49528
-3.43840,15.38252,6.36831
-1.22158,12.92296,5.24449
0.00000,12.98057,5.24449
1.30884,13.84603,5.61910
3.12726,16.39370,6.74292
5.15728,15.87248,6.74292
5.15521,11.91298,5.24449
7.59346,13.81246,6.36831
7.81732,11.50284,5.61910
10.63816,12.85933,6.74292
12.16598,11.42462,6.74292
10.25667,7.95588,5.24449
11.74271,7.45215,5.61910
12.39190,6.31399,5.61910
11.20696,4.43715,4.86988
11.57479,3.36279,4.86988
13.73653,2.17565,5.61910
12.02960,0.75684,4.86988
15.75435,-0.49510,6.36831
15.56807,-2.46574,6.36831
15.26693,-3.91988,6.36831
12.93111,-5.11979,5.61910
13.81246,-7.59346,6.36831
10.73598,-7.29616,5.24449
12.14492,-10.04716,6.36831
8.52304,-8.52303,4.86988
8.27413,-10.00170,5.24449
7.81732,-11.50284,5.61910
6.25344,-11.37496,5.24449
5.52344,-12.76391,5.61910
4.91484,-16.91701,7.11752
2.60606,-13.66141,5.61910
1.28081,-20.35779,8.24134
-0.52045,-16.56091,7.03316
-2.07666,-16.43843,7.03316
-4.81925,-21.56007,9.37755
-5.30077,-14.72345,6.64243
-6.66284,-14.15926,6.64243
-11.71438,-19.80793,9.76828
-9.73907,-13.40467,7.03316
-10.34859,-11.73817,6.64243
-15.88106,-14.00104,8.98682
-12.65997,-9.19800,6.64243
-11.29302,-6.20839,5.47024
-19.43035,-8.40826,8.98682
-15.75814,-5.12013,7.03316
-11.67837,-2.61042,5.07950
-18.32839,-1.73254,7.81462
-12.88707,0.00000,5.47024
-11.87220,1.49981,5.07950
-16.17005,3.61444,7.03316
-14.72345,5.30077,6.64243
-12.49347,5.87898,5.86097
-14.26171,8.43435,7.03316
-10.42586,7.57483,5.47024
-10.06529,9.45193,5.86097
-13.39230,15.19058,8.59608
-8.79581,12.94264,6.64243
-7.98222,14.51960,7.03316
-4.67715,12.99128,5.86097
-4.12056,16.04854,7.03316
-2.53814,20.09142,8.59608
0.00000,16.56909,7.03316
1.55929,16.49555,7.03316
3.96716,20.79660,8.98682
6.23619,17.32171,7.81462
8.35801,16.40351,7.81462
8.79581,12.94264,6.64243
11.14828,13.47596,7.42389
11.71611,11.71611,7.03316
14.89408,10.82118,7.81462
13.46939,7.96577,6.64243
21.11994,9.13942,9.76828
16.63359,5.40457,7.42389
16.17005,3.61444,7.03316
21.91791,2.76888,9.37755
15.64858,-0.00000,6.64243
15.57913,-1.47266,6.64243
24.41341,-4.65710,10.54974
15.75814,-5.12013,7.03316
11.82716,-5.11807,5.47024
17.74618,-9.75605,8.59608
12.65997,-9.19801,6.64243
11.40733,-10.71219,6.64243
10.34859,-11.73817,6.64243
7.76101,-11.41998,5.86097
6.20839,-11.29302,5.47024
5.11807,-11.82717,5.47024
4.83568,-14.88269,6.64243
3.41363,-15.27171,6.64243
1.73055,-13.69870,5.86097
-0.00000,-12.88707,5.47024
-1.47266,-15.57913,6.64243
-2.61042,-11.67837,5.07950
-3.98232,-12.25633,5.47024
-6.21480,-14.36156,6.64243
-7.02863,-11.88476,5.86097
-9.73907,-13.40467,7.03316
-8.52237,-9.66673,5.47024
-12.42866,-10.95733,7.03316
-11.17056,-8.11589,5.86097
-11.88476,-7.02863,5.86097
-10.82767,-5.09512,5.07950
-11.25911,-4.05353,5.07950
-11.67837,-2.61042,5.07950
-11.87220,-1.49981,5.07950
-11.96656,0.00000,5.07950
-11.91346,1.12615,5.07950
-10.85040,2.06982,4.68877
-13.25932,3.85219,5.86097
-10.98237,4.75249,5.07950
-11.29302,6.20839,5.47024
-12.94264,8.79581,6.64243
-9.92966,8.21453,5.47024
-11.06522,11.06522,6.64243
-10.15531,13.09215,7.03316
-6.41201,10.10370,5.07950
-5.43270,10.66229,5.07950
-5.76063,14.54968,6.64243
-3.43380,13.37378,5.86097
-2.73597,17.27427,7.42389
-0.52045,16.56091,7.03316
0.98258,15.61770,6.64243
3.31197,20.91095,8.98682
4.62263,15.91119,7.03316
6.43835,16.26141,7.42389
6.26851,12.30264,5.86097
9.37139,14.76695,7.42389
10.15531,13.09215,7.03316
11.34232,12.07834,7.03316
13.11914,11.56608,7.42389
12.65997,9.19800,6.64243
15.32624,8.42568,7.42389
12.67196,5.48365,5.86097
15.02723,4.36582,6.64243
16.27560,3.10474,7.03316
13.74630,1.29941,5.86097
15.64858,-0.00000,6.64243
16.49555,-1.55929,7.03316
16.27561,-3.10473,7.03316
12.25633,-3.98232,5.47024
14.36156,-6.21480,6.64243
13.71296,-7.53876,6.64243
12.65997,-9.19801,6.64243
9.66673,-8.52237,5.47024
12.17482,-13.80962,7.81462
9.19801,-12.65997,6.64243
7.96578,-13.46939,6.64243
5.48705,-11.66056,5.47024
5.68903,-17.50904,7.81462
3.81523,-17.06839,7.42389
2.07666,-16.43843,7.03316
0.52044,-16.56091,7.03316
-0.86043,-13.67614,6.10105
-3.93717,-20.63937,9.35494
-5.71707,-14.43968,6.91452
-12.32291,-22.41529,11.38863
-10.73937,-14.78147,8.13473
-8.75511,-9.32324,5.69431
-16.60238,-12.87812,9.35494
-13.88397,-8.81104,7.32126
-19.01181,-8.94628,9.35494
-16.50783,-5.36372,7.72800
-16.04780,-3.58711,7.32126
-17.22049,-2.17545,7.72800
-18.27091,0.00000,8.13473
-15.46135,1.46153,6.91452
-21.53674,4.10835,9.76168
-15.63900,5.08142,7.32126
-14.25298,6.16781,6.91452
-17.61201,9.68228,8.94821
-14.78147,10.73937,8.13473
-11.64943,10.27035,6.91452
-14.49933,16.44625,9.76168
-10.73937,14.78148,8.13473
-8.36197,15.21037,7.72800
-7.98188,18.44503,8.94821
-4.84255,16.66817,7.72800
-3.25245,17.04992,7.72800
-2.32125,24.55626,10.98189
0.00000,16.44382,7.32126
2.28995,18.12684,8.13473
5.09742,17.54544,8.13473
5.04448,12.74090,6.10105
10.56249,19.21310,9.76168
12.88725,17.73777,9.76168
10.27035,11.64943,6.91452
18.64648,17.51022,11.38863
14.78148,10.73937,8.13473
13.36756,7.90555,6.91452
19.01181,8.94628,9.35494
17.37667,5.64601,8.13473
16.93934,3.78639,7.72800
20.84586,2.63345,9.35494
20.09800,-0.00000,8.94821
16.37084,-1.54750,7.32126
21.39706,-4.78282,9.76168
15.63900,-5.08142,7.32126
14.87881,-7.00143,7.32126
19.65817,-11.62582,10.16842
16.25962,-11.81331,8.94821
9.32325,-8.75511,5.69431
14.49932,-16.44625,9.76168
9.75629,-14.35594,7.72800
7.92187,-14.40983,7.32126
7.73486,-19.53604,9.35494
5.09742,-17.54544,8.13473
3.08127,-16.15255,7.32126
2.06334,-21.82779,9.76168
-0.48782,-15.52261,6.91452
-2.28995,-18.12684,8.13473
-4.58768,-15.79089,7.32126
-4.70818,-11.89150,5.69431
-11.00260,-20.01365,10.16842
-9.66543,-13.30333,7.32126
-12.08277,-13.70521,8.13473
-18.64649,-17.51022,11.38863
-12.56425,-9.12846,6.91452
-13.36756,-7.90555,6.91452
-18.44503,-7.98188,8.94821
-13.03250,-4.23452,6.10105
-16.04780,-3.58711,7.32126
-19.93952,-2.51895,8.94821
-13.70318,0.00000,6.10105
-12.68878,1.60297,5.69431
-16.93934,3.78639,7.72800
-12.89306,4.64179,6.10105
-11.57241,5.44556,5.69431
-15.72654,9.30065,8.13473
-10.34703,7.51756,5.69431
-10.27891,9.06208,6.10105
-13.89519,15.76099,9.35494
-9.12846,12.56426,6.91452
-6.97549,11.79490,6.10105
-7.39040,15.70541,7.72800
-5.36372,16.50783,7.72800
-3.58711,16.04780,7.32126
-2.40723,25.46575,11.38863
0.00000,15.53027,6.91452
1.54750,16.37084,7.32126
3.42362,17.94728,8.13473
5.08142,15.63900,7.32126
6.16782,14.25298,6.91452
10.56249,19.21310,9.76168
9.66543,13.30333,7.32126
11.62753,11.62754,7.32126
13.71501,10.63845,7.72800
10.79865,6.85303,5.69431
17.90745,9.12430,8.94821
14.77017,4.79911,6.91452
15.15625,3.38783,6.91452
19.93952,2.51895,8.94821
12.78964,-0.00000,5.69431
17.22050,-2.17545,7.72800
17.69689,-4.54379,8.13473
14.61214,-5.26069,6.91452
11.39565,-5.80638,5.69431
11.33364,-7.70233,6.10105
11.64943,-10.27035,6.91452
13.75803,-14.65081,8.94821
9.66543,-13.30333,7.32126
7.90555,-13.36756,6.91452
9.33526,-19.83841,9.76168
3.40785,-13.27267,6.10105
2.42946,-15.33907,6.91452
0.43043,-13.69642,6.10105
-1.02434,-16.28135,7.60713
-3.82800,-24.16904,11.41069
-5.32123,-16.37705,8.02975
-4.67920,-10.81299,5.49404
-10.91543,-19.85509,10.56546
-11.10965,-14.32247,8.45237
-9.30615,-9.91005,6.33927
-15.63612,-13.78510,9.72022
-13.19793,-9.58886,7.60713
-15.08987,-8.29572,8.02975
-16.63536,-7.19876,8.45237
-14.65315,-4.76110,7.18451
-13.26721,-2.96557,6.33927
-19.85028,-1.87640,9.29760
-13.59462,0.00000,6.33927
-19.58560,3.73615,9.29760
-12.06730,3.92090,5.91666
-14.14006,6.11895,7.18451
-15.08987,8.29572,8.02975
-10.99827,7.99072,6.33927
-11.55714,10.18899,7.18451
-12.40821,13.21340,8.45237
-10.12157,13.93115,8.02975
-6.54925,11.91305,6.33927
-6.11895,14.14006,7.18451
-4.55133,15.66579,7.60713
-2.54738,13.35382,6.33927
-1.02433,16.28135,7.60713
0.42702,13.58791,6.33927
2.55200,16.11269,7.60713
4.80418,16.53611,8.02975
6.00541,15.16795,7.60713
7.40619,14.53547,7.60713
8.66015,12.74302,7.18451
9.82094,11.87148,7.18451
16.51675,15.51026,10.56546
13.93115,10.12157,8.02975
14.04175,8.30426,7.60713
18.86119,8.87541,9.72022
12.92925,4.20096,6.33927
11.57331,2.20773,5.49404
17.21135,0.54089,8.02975
16.28135,-1.02434,7.60713
12.53209,-1.98489,5.91666
13.05482,-3.79277,6.33927
12.47652,-5.39908,6.33927
19.06088,-10.47881,10.14284
13.93115,-10.12158,8.02975
11.55714,-10.18898,7.18451
14.26944,-15.19541,9.72022
9.05614,-12.46471,7.18451
7.84292,-13.26165,7.18451
7.33186,-15.58098,8.02975
5.05703,-17.40643,8.45237
2.37756,-12.46356,5.91666
0.56935,-18.11721,8.45237
-1.02434,-16.28135,7.60713
-3.11911,-19.69329,9.29760
-4.29848,-14.79547,7.18451
-6.00541,-15.16795,7.60713
-9.05201,-17.76557,9.29760
-7.99071,-10.99827,6.33927
-10.18899,-11.55713,7.18451
-16.99579,-14.98380,10.56546
-14.66437,-10.65429,8.45237
-14.29566,-7.85911,7.60713
-18.29890,-7.91864,9.29760
-14.79547,-4.29848,7.18451
-15.13433,-2.88703,7.18451
-12.68831,0.00000,5.91666
-16.24114,1.53524,7.60713
-17.80509,3.39650,8.45237
-14.65315,4.76110,7.18451
-13.94088,6.56008,7.18451
-15.60194,9.22696,8.45237
-12.89023,9.99868,7.60713
-11.23139,10.54698,7.18451
-11.98705,13.59663,8.45237
-10.65429,14.66437,8.45237
-6.99474,13.72794,7.18451
-5.52602,15.34909,7.60713
-4.05701,15.80102,7.60713
-2.72618,21.57987,10.14284
0.00000,17.21985,8.02975
2.04463,16.18490,7.60713
4.54721,20.34306,9.72022
6.16142,18.96290,9.29760
7.71775,16.40103,8.45237
10.61100,17.94224,9.72022
11.10964,14.32248,8.45237
11.16739,11.89206,7.60713
13.60635,10.55416,8.02975
16.83486,10.68373,9.29760
19.68124,9.26129,10.14284
15.51510,5.04116,7.60713
17.68962,3.95410,8.45237
24.27735,3.06694,11.41069
17.21985,-0.00000,8.02975
17.14342,-1.62053,8.02975
22.11202,-4.94264,10.56546
16.37705,-5.32123,8.02975
15.58099,-7.33185,8.02975
17.94223,-10.61101,9.72022
14.66436,-10.65429,8.45237
11.55714,-10.18898,7.18451
13.78510,-15.63612,9.72022
9.58886,-13.19793,7.60713
7.85911,-14.29566,7.60713
7.91864,-18.29890,9.29760
4.29848,-14.79547,7.18451
3.22668,-16.91483,8.02975
1.08125,-17.18587,8.02975
-0.50817,-16.17031,7.89068
-1.91503,-15.15901,7.45231
-5.01511,-17.26213,8.76742
-5.62476,-14.20652,7.45231
-9.79305,-19.21995,10.52091
-10.56596,-14.54279,8.76742
-11.69007,-12.44866,8.32905
-15.50649,-13.67081,10.08254
-12.63738,-8.58835,7.45231
-13.38953,-7.36095,7.45231
-18.38490,-7.27910,9.64417
-14.67280,-4.26285,7.45231
-8.82874,-1.68417,4.38371
-16.17031,-0.50817,7.89068
-13.45531,0.84654,6.57557
-16.86684,2.67144,8.32905
-14.67280,4.26284,7.45231
-14.20652,5.62476,7.45231
-15.75238,8.65994,8.76742
-13.08851,9.50936,7.89068
-12.13552,10.69890,7.89068
-14.26520,16.18069,10.52091
-8.98106,12.36137,7.45231
-6.86285,11.60445,6.57557
-7.27107,15.45181,8.32905
-4.72163,14.53167,7.45231
-2.94099,13.15722,6.57557
-2.14033,16.94243,8.32905
0.50817,16.17031,7.89068
1.91503,15.15901,7.45231
4.76435,16.39902,8.32905
6.28649,15.87787,8.32905
6.93675,13.61413,7.45231
7.57796,11.15063,6.57557
8.59369,10.38799,6.57557
11.43978,11.43978,7.89068
14.20373,11.01754,8.76742
12.90090,8.18717,7.45231
13.61413,6.93674,7.45231
14.37619,5.17575,7.45231
13.15722,2.94099,6.57557
21.40096,2.70357,10.52091
15.27196,-0.47994,7.45231
11.59219,-1.46443,5.69882
18.98834,-5.51661,9.64417
10.02813,-3.97042,5.26045
17.32762,-9.52594,9.64417
10.90709,-7.92447,6.57557
12.13552,-10.69889,7.89068
12.30534,-13.10385,8.76742
10.03766,-13.81565,8.32905
8.23542,-13.92533,7.89068
8.80183,-18.70482,10.08254
4.16614,-12.82206,6.57557
2.54885,-11.40293,5.69882
2.25297,-17.83413,8.76742
-0.00000,-13.48191,6.57557
-1.18418,-12.52727,6.13720
-4.04201,-21.18897,10.52091
-4.99937,-15.38647,7.89068
-5.35763,-11.38554,6.13720
-8.69294,-14.69897,8.32905
-9.36491,-12.07317,7.45231
-11.07480,-11.79347,7.89068
-15.50649,-13.67081,10.08254
-10.17995,-7.39617,6.13720
-13.38953,-7.36095,7.45231
-12.68487,-4.56684,6.57557
-12.28007,-2.74492,6.13720
-15.15901,-1.91503,7.45231
-11.67856,0.36701,5.69882
-13.37560,1.68973,6.57557
-14.67280,4.26284,7.45231
-15.04219,5.95563,7.89068
-18.90286,10.39193,10.52091
-10.90709,7.92447,6.57557
-10.11293,8.91575,6.57557
-14.76641,15.72462,10.52091
-7.39617,10.17996,6.13720
-6.40533,10.83082,6.13720
-8.56690,19.79693,10.52091
-5.27711,16.24127,8.32905
-3.52919,15.78866,7.89068
-2.70357,21.40096,10.52091
1.01584,16.14637,7.89068
2.67145,16.86684,8.32905
4.51360,15.53591,7.89068
6.28649,15.87787,8.32905
9.95894,18.11524,10.08254
10.10394,14.86750,8.76742
10.88534,13.15812,8.32905
12.71086,12.71087,8.76742
10.38799,8.59369,6.57557
13.65978,8.66877,7.89068
13.61413,6.93674,7.45231
16.06750,5.78466,8.32905
13.05835,3.35282,6.57557
19.61755,2.47827,9.64417
19.77347,-0.00000,9.64417
15.21169,-1.43793,7.45231
15.89173,-3.03150,7.89068
16.39902,-4.76435,8.32905
14.84770,-6.42518,7.89068
15.75238,-8.65995,8.76742
11.15063,-7.57795,6.57557
11.46132,-10.10451,7.45231
11.07480,-11.79346,7.89068
9.91579,-12.78336,7.89068
7.22396,-11.38315,6.57557
7.75283,-15.21579,8.32905
6.61736,-16.71355,8.76742
4.76435,-16.39902,8.32905
3.03152,-15.89173,7.89068
1.52252,-16.10649,7.89068
-0.00000,-17.82013,9.07981
-2.12178,-16.79563,8.62582
-4.85918,-21.73870,11.34976
-4.68071,-14.40576,7.71784
-7.68566,-15.08396,8.62582
-11.01804,-16.21255,9.98779
-10.22308,-12.35758,8.17183
-9.45055,-9.45055,6.80986
-14.08067,-10.92208,9.07981
-13.80468,-8.16407,8.17183
-16.12414,-7.58744,9.07981
-12.71096,-4.13004,6.80986
-15.75404,-3.00524,8.17183
-19.51515,-1.84472,9.98779
-16.03812,0.00000,8.17183
-15.02767,1.89844,7.71784
-19.99961,4.47045,10.44178
-15.25316,4.95605,8.17183
-11.90839,6.06763,6.80986
-13.69595,9.95069,8.62582
-12.03037,10.60620,8.17183
-13.41859,14.28935,9.98779
-9.42697,12.97511,8.17183
-8.61762,14.57161,8.62582
-8.13881,18.80768,10.44178
-4.72307,16.25693,8.62582
-2.50437,13.12837,6.80986
-0.55975,17.81134,9.07981
0.78325,12.44948,6.35587
3.67307,19.25494,9.98779
5.43272,15.08996,8.17183
7.20807,15.31793,8.62582
9.97830,16.87239,9.98779
12.01429,15.48874,9.98779
10.97885,11.69128,8.17183
14.41679,10.47441,9.07981
15.33854,9.07118,9.07981
19.62541,8.49268,10.89577
15.25316,4.95605,8.17183
12.32051,1.95138,6.35587
16.92912,-0.00000,8.62582
15.96694,-1.50932,8.17183
16.62926,-3.17220,8.62582
16.94795,-5.50673,9.07981
16.12414,-7.58744,9.07981
19.17317,-11.33899,11.34976
14.08067,-10.92208,9.07981
11.04177,-10.36891,7.71784
13.55237,-15.37214,10.44178
8.51394,-12.52788,7.71784
7.72642,-14.05431,8.17183
8.49267,-19.62541,10.89577
4.95605,-15.25316,8.17183
3.33917,-17.50449,9.07981
2.26399,-23.95041,12.25774
-0.00000,-17.82013,9.07981
-1.89844,-15.02767,7.71784
-4.47044,-19.99961,10.44178
-5.73454,-15.92829,8.62582
-5.31121,-11.28689,6.35587
-9.07118,-15.33854,9.07981
-9.42697,-12.97511,8.17183
-5.04029,-5.04029,3.63192
-14.08067,-10.92208,9.07981
-11.28452,-7.16138,6.80986
-11.90839,-6.06763,6.80986
-12.71096,-4.13004,6.80986
-15.65187,-3.49861,8.17183
-22.09952,-2.79182,11.34976
-15.14711,0.00000,7.71784
-12.41873,1.17391,6.35587
-19.99961,4.47045,10.44178
-14.40576,4.68072,7.71784
-12.09310,5.69058,6.80986
-19.17317,11.33898,11.34976
-12.67260,9.82987,8.17183
-9.74274,9.14904,6.80986
-11.78467,13.36707,9.07981
-6.00984,8.84321,5.44789
-4.85410,9.52671,5.44789
-5.43272,15.08996,8.17183
-2.33741,12.25314,6.35587
-2.01243,21.28925,10.89577
0.47578,15.13964,7.71784
1.89843,15.02767,7.71784
5.31802,20.71234,10.89577
5.73453,15.92829,8.62582
7.58745,16.12413,9.07981
9.54850,15.04603,9.07981
9.28377,11.96857,7.71784
10.36891,11.04177,7.71784
15.37214,13.55237,10.44178
12.25427,8.90325,7.71784
14.05431,7.72643,8.17183
19.05405,7.54403,10.44178
15.40130,4.47449,8.17183
13.12837,2.50437,6.80986
20.40220,1.92858,10.44178
16.92077,-0.53176,8.62582
13.25971,-1.67509,6.80986
21.57535,-5.53961,11.34976
10.05997,-3.62181,5.44789
15.87785,-8.09017,9.07981
12.97511,-9.42697,8.17183
9.09322,-8.53910,6.35587
12.96313,-14.70378,9.98779
9.51558,-14.00175,8.62582
6.43868,-11.71192,6.80986
7.78495,-17.98996,9.98779
5.23139,-16.10055,8.62582
2.50437,-13.12836,6.80986
1.67703,-17.74104,9.07981
-0.00000,-15.89306,8.45049
-1.65994,-13.13978,7.04207
-3.27435,-14.64862,7.98102
-4.18723,-11.63048,6.57260
-5.63911,-11.98372,7.04207
-8.93322,-13.14484,8.45049
-10.51027,-11.92156,8.45049
-12.22918,-11.48397,8.91996
-12.14343,-8.82272,7.98102
-13.15346,-7.23118,7.98102
-12.46123,-4.48632,7.04207
-12.82812,-3.29370,7.04207
-16.64372,-2.10259,8.91996
-13.24421,0.00000,7.04207
-14.89175,1.88127,7.98102
-18.95703,4.23740,10.32837
-15.78422,5.68267,8.91996
-11.18481,5.26317,6.57260
-17.47977,10.33751,10.79784
-12.55798,9.74097,8.45049
-10.94190,10.27513,7.98102
-12.84589,14.57079,10.32837
-7.44435,10.95403,7.04207
-5.52972,10.05853,6.10313
-8.06520,18.63757,10.79784
-4.09269,12.59600,7.04207
-2.15082,11.27501,6.10313
-2.07732,21.97573,11.73679
0.00000,16.77600,8.91996
1.54928,12.26379,6.57260
4.23740,18.95704,10.32837
5.18407,15.95493,8.91996
6.39100,13.58155,7.98102
12.13533,20.51974,12.67573
9.74096,12.55798,8.45049
10.27513,10.94190,7.98102
12.92613,10.69343,8.91996
13.14484,8.93323,8.45049
10.83226,5.95509,6.57260
17.82724,7.71454,10.32837
11.87045,3.44868,6.57260
14.74424,2.81261,7.98102
17.62411,1.10881,9.38943
12.35517,-0.38828,6.57260
17.44154,-2.76247,9.38943
16.10989,-4.68035,8.91996
15.59793,-6.17566,8.91996
18.09438,-9.21955,10.79784
9.28615,-6.74679,6.10313
11.92156,-10.51027,8.45049
13.90164,-14.80374,10.79784
8.82272,-12.14343,7.98102
7.64077,-12.91983,7.98102
8.27071,-17.57612,10.32837
5.18407,-15.95493,8.91996
2.15083,-11.27501,6.10313
0.52694,-16.76772,8.91996
-0.94249,-14.98049,7.98102
-1.93373,-12.20908,6.57260
-4.43402,-15.26200,8.45049
-5.52559,-13.95605,7.98102
-8.50727,-15.47466,9.38943
-7.78475,-10.71479,7.04207
-7.85745,-8.36733,6.10313
-11.92156,-10.51027,8.45049
-12.41457,-8.43693,7.98102
-13.92719,-7.65654,8.45049
-15.59793,-6.17566,8.91996
-11.02256,-3.20235,6.10313
-11.27501,-2.15082,6.10313
-15.82252,-1.49567,8.45049
-12.35517,0.38828,6.57260
-13.13978,1.65994,7.04207
-17.23367,3.85218,9.38943
-12.59600,4.09269,7.04207
-9.58698,4.51129,5.63366
-14.43981,8.53968,8.91996
-10.00047,7.26577,6.57260
-9.65462,9.06629,7.04207
-10.51027,11.92156,8.45049
-8.43693,12.41457,7.98102
-6.38045,11.60599,7.04207
-6.31189,14.58593,8.45049
-3.20235,11.02256,6.10313
-2.48172,13.00962,7.04207
-1.57876,16.70155,8.91996
0.47148,15.00270,7.98102
1.88126,14.89175,7.98102
4.43001,19.81872,10.79784
4.09269,12.59600,7.04207
6.76694,14.38047,8.45049
9.88805,16.71979,10.32837
9.86069,13.57207,8.91996
8.75855,9.93463,7.04207
14.80374,13.90164,10.79784
13.57207,9.86069,8.91996
10.63986,6.29239,6.57260
15.17938,7.14288,8.91996
15.26200,4.43402,8.45049
13.00962,2.48172,7.04207
13.24421,-0.00000,7.04207
13.18544,-1.24639,7.04207
19.08078,-3.63985,10.32837
11.75626,-3.81984,6.57260
12.15494,-5.25991,7.04207
14.70092,-8.08191,8.91996
11.56549,-9.56781,7.98102
11.23809,-11.23809,8.45049
10.28213,-13.25564,8.91996
8.04281,-12.67346,7.98102
5.61190,-11.01397,6.57260
5.98176,-16.61497,9.38943
3.73287,-14.53854,7.98102
1.99193,-15.76773,8.45049
-0.00000,-17.49239,9.69619
-1.56387,-16.54403,9.21138
-5.57217,-29.21034,16.48352
-4.44400,-12.34369,7.27214
-6.33071,-13.45345,8.24176
-12.46609,-21.07902,13.57467
-10.18515,-13.13062,9.21138
-12.36899,-12.36899,9.69619
-12.02890,-8.73950,8.24176
-11.29233,-6.67827,7.27214
-34.82070,-16.38538,21.33162
-15.95794,-4.63621,9.21138
-14.60517,-2.78609,8.24176
-16.54403,-1.56387,9.21138
-15.73539,0.49450,8.72657
-12.14812,1.53466,6.78733
-15.11805,4.39220,8.72657
-12.19801,4.82954,7.27214
-15.58584,7.94138,9.69619
-12.73648,9.25360,8.72657
-9.84093,8.67595,7.27214
-11.37565,12.11384,9.21138
-8.84896,13.02086,8.72657
-7.58432,13.79583,8.72657
-7.98913,18.46178,11.15062
-3.66016,12.59838,7.27214
-2.29442,12.02779,6.78733
-0.65934,20.98051,11.63543
0.93360,14.83919,8.24176
2.59960,16.41318,9.21138
5.40545,16.63625,9.69619
7.64177,17.65910,10.66581
8.42702,15.32870,9.69619
9.25359,12.73648,8.72657
8.98078,9.56355,7.27214
15.08942,13.30312,11.15062
13.02085,8.84897,8.72657
11.49653,6.32027,7.27214
19.26447,8.33648,11.63543
15.11805,4.39220,8.72657
11.16866,2.13054,6.30252
17.48376,0.54945,9.69619
17.45787,-1.09836,9.69619
14.68548,-2.32595,8.24176
18.29988,-5.94599,10.66581
16.05372,-6.94707,9.69619
20.69375,-11.37649,13.08986
13.13062,-10.18515,9.21138
11.47627,-10.77693,8.72657
15.61670,-17.71367,13.08986
7.37414,-10.85071,7.27214
5.55897,-10.91009,6.78733
5.13517,-15.80444,9.21138
2.45832,-12.88692,7.27214
2.05773,-21.76845,12.12024
-0.49450,-15.73539,8.72657
-1.97314,-15.61901,8.72657
-5.13518,-15.80444,9.21138
-6.59971,-15.25104,9.21138
-12.02088,-20.32619,13.08986
-9.64909,-12.43953,8.72657
-11.75054,-11.75054,9.21138
-15.56681,-11.30995,10.66581
-12.79797,-7.56870,8.24176
-23.27790,-10.07325,14.05948
-15.11805,-4.39220,8.72657
-11.23007,-1.77867,6.30252
-14.86120,-0.46703,8.24176
-12.22051,0.76885,6.78733
-14.68548,2.32595,8.24176
-11.64538,3.78381,6.78733
-12.04029,5.21030,7.27214
-28.35810,15.58999,17.93795
-9.67519,7.50485,6.78733
-8.92599,8.38206,6.78733
-12.72472,14.43336,10.66581
-6.88253,10.12733,6.78733
-5.47757,9.96366,6.30252
-8.33648,19.26447,11.63543
-4.05409,12.47719,7.27214
-2.78609,14.60517,8.24176
-1.81080,19.15624,10.66581
0.46703,14.86120,8.24176
1.86352,14.75129,8.24176
4.38822,19.63179,11.15062
5.13517,15.80444,9.21138
5.21353,11.07931,6.78733
11.13044,18.82055,12.12024
8.73951,12.02890,8.24176
10.77693,11.47626,8.72657
14.43336,12.72472,10.66581
13.74424,9.34058,9.21138
13.02940,7.16297,8.24176
18.46178,7.98913,11.15062
12.47719,4.05408,7.27214
15.46430,2.94997,8.72657
20.02698,1.89311,11.15062
14.86854,-0.00000,8.24176
13.06107,-1.23464,7.27214
18.77823,-4.19744,10.66581
15.63535,-5.62907,9.21138
10.28794,-4.84113,6.30252
16.24625,-10.31019,10.66581
10.36628,-8.04091,7.27214
11.47627,-10.77693,8.72657
13.30312,-15.08942,11.15062
8.35736,-12.29748,8.24176
7.16297,-13.02940,8.24176
5.90501,-13.64567,8.24176
3.66017,-12.59838,7.27214
2.13054,-11.16866,6.30252
1.81080,-19.15624,10.66581
-0.00000,-14.72243,8.50000
-1.62813,-12.88795,7.50000
-4.34510,-19.43888,11.50000
-5.57376,-15.48171,9.50000
-9.04285,-17.74759,11.50000
-9.16267,-12.61133,9.00000
-10.30883,-11.69307,9.00000
-15.78263,-14.82088,12.50000
-10.74409,-7.30168,7.50000
-13.88942,-7.07701,9.00000
-12.35459,-4.01425,7.50000
-12.67753,-2.83376,7.50000
-17.18393,-2.17084,10.00000
-12.99038,0.00000,7.50000
-8.62182,0.81500,5.00000
-19.43888,4.34511,11.50000
-12.35459,4.01425,7.50000
-10.18684,4.79356,6.50000
-14.90849,8.81685,10.00000
-9.80881,7.12652,7.00000
-9.74423,8.59069,7.50000
-13.63521,14.52002,11.50000
-7.30168,10.74409,7.50000
-7.09258,12.90136,8.50000
-5.57376,15.48171,9.50000
-3.66132,14.25990,8.50000
-2.38792,18.90232,11.00000
0.00000,12.12436,7.00000
1.84521,14.60634,8.50000
4.34510,19.43888,11.50000
5.57375,15.48171,9.50000
6.63725,14.10485,9.00000
10.20887,16.08661,11.00000
9.02348,11.63301,8.50000
12.24745,12.24745,10.00000
9.80881,7.12651,7.00000
13.41764,7.93517,9.00000
14.10486,6.63724,9.00000
15.64915,5.08471,9.50000
14.36787,3.21160,8.50000
20.69237,1.95600,12.00000
12.99038,-0.00000,7.50000
17.10726,-2.70953,10.00000
18.29605,-5.31549,11.00000
15.10118,-6.53487,9.50000
17.45479,-9.59585,11.50000
12.31730,-9.55427,9.00000
13.88872,-13.04237,11.00000
10.18074,-14.01258,10.00000
6.61264,-11.18137,7.50000
6.87880,-15.89598,10.00000
4.01425,-12.35459,7.50000
2.30309,-14.54117,8.50000
0.51685,-16.44636,9.50000
-1.08756,-17.28633,10.00000
-2.30310,-14.54117,8.50000
-4.34904,-14.96950,9.00000
-5.84698,-13.51158,8.50000
-9.17864,-16.69588,11.00000
-8.65363,-11.91070,8.50000
-11.85670,-12.62611,10.00000
-16.24038,-14.31782,12.50000
-12.61133,-9.16266,9.00000
-12.90136,-7.09259,8.50000
-18.28037,-7.91062,11.50000
-14.13786,-4.10743,8.50000
-15.31234,-2.92099,9.00000
-16.42201,-1.03319,9.50000
-12.98397,0.40804,7.50000
-15.46554,1.95375,9.00000
-19.43888,4.34511,11.50000
-14.00186,4.54948,8.50000
-10.97044,5.16230,7.00000
-10.74409,7.30168,7.50000
-12.99230,11.45426,10.00000
-11.85670,12.62611,10.00000
-6.49656,10.23693,7.00000
-5.50434,10.80288,7.00000
-6.45382,17.92619,11.00000
-3.21160,14.36787,8.50000
-2.17084,17.18393,10.00000
0.40804,12.98397,7.50000
2.06229,16.32473,9.50000
6.15518,18.94370,11.50000
6.53486,15.10118,9.50000
10.58022,17.89019,12.00000
10.18074,14.01258,10.00000
11.26387,11.99480,9.50000
16.24038,14.31782,12.50000
12.17663,8.27524,8.50000
15.17807,8.34422,10.00000
19.07517,8.25457,12.00000
18.29605,5.31550,11.00000
15.31234,2.92099,9.00000
20.69237,1.95600,12.00000
12.98397,-0.40804,7.50000
14.60634,-1.84520,8.50000
18.59371,-4.15620,11.00000
16.47278,-5.35233,10.00000
14.10486,-6.63724,9.00000
14.90849,-8.81686,10.00000
13.00159,-10.08507,9.50000
10.73219,-10.07820,8.50000
13.24861,-16.01481,12.00000
9.73557,-14.32545,10.00000
7.50980,-13.66027,9.00000
8.59850,-19.86997,12.50000
5.31549,-18.29605,11.00000
3.57010,-18.71508,11.00000