-0.00000,-54.00000,-0.00000
-4.98774,-52.76479,-0.00000
-12.21602,-54.65133,-0.00000
-18.96932,-52.68932,-0.00000
-22.69952,-44.55032,-0.00000
-29.47047,-46.43803,-0.00000
-35.69574,-43.14874,-0.00000
-39.59798,-39.59798,-0.00000
-39.64183,-28.80147,-0.00000
-47.32056,-26.01470,-0.00000
-52.31202,-22.63743,-0.00000
-51.85585,-15.06552,-0.00000
-57.95494,-11.05550,-0.00000
-55.97237,-1.75900,-0.00000
-51.89739,3.26510,-0.00000
-55.31055,8.76033,-0.00000
-51.35705,16.68692,-0.00000
-47.72324,20.65169,-0.00000
-51.70209,28.42346,-0.00000
-41.87822,32.48407,-0.00000
-39.59798,39.59798,-0.00000
-31.74040,43.68692,-0.00000
-27.48823,46.48007,-0.00000
-21.04884,48.64099,-0.00000
-14.22854,48.97498,-0.00000
-8.91676,56.29824,-0.00000
-1.79042,56.97187,-0.00000
3.20231,50.89936,-0.00000
10.11857,53.04351,-0.00000
16.06888,49.45494,-0.00000
22.56631,47.95583,-0.00000
30.00630,47.28236,-0.00000
29.41953,37.92745,-0.00000
37.65010,40.09327,-0.00000
44.24869,34.32278,-0.00000
43.03711,25.45206,-0.00000
52.47997,24.69521,-0.00000
53.77644,15.62351,-0.00000
55.31055,8.76033,-0.00000
54.00000,-0.00000,-0.00000
52.76479,-4.98774,-0.00000
56.97267,-10.86809,-0.00000
48.50388,-15.75987,-0.00000
47.95584,-22.56629,-0.00000
47.34081,-27.99729,-0.00000
41.87822,-32.48407,-0.00000
39.36431,-36.96553,-0.00000
33.70989,-43.45852,-0.00000
30.00628,-47.28238,-0.00000
23.41788,-49.76548,-0.00000
16.68691,-51.35705,-0.00000
10.68076,-55.99037,-0.00000
3.45350,-54.89147,-0.00000
-1.69618,-53.97335,-0.00000
-8.76033,-55.31055,-0.00000
-15.06552,-51.85586,-0.00000
-21.84313,-50.47651,-0.00000
-30.03344,-50.78378,-0.00000
-33.09698,-42.66837,-0.00000
-36.96554,-39.36430,-0.00000
-39.50775,-30.64535,-0.00000
-46.43803,-29.47047,-0.00000
-52.47997,-24.69520,-0.00000
-53.25916,-17.30495,-0.00000
-54.02580,-10.30597,-0.00000
-56.97187,-1.79041,-0.00000
-54.89147,3.45348,-0.00000
-55.99037,10.68073,-0.00000
-47.55283,15.45085,-0.00000
-49.76549,23.41785,-0.00000
-49.81535,31.61378,-0.00000
-41.87822,32.48407,-0.00000
-38.18377,38.18377,-0.00000
-31.25826,40.29791,-0.00000
-27.48823,46.48007,-0.00000
-20.65169,47.72324,-0.00000
-12.43449,48.42915,-0.00000
-9.38607,59.26130,-0.00000
0.00000,53.00000,-0.00000
5.08186,53.76034,-0.00000
12.65230,56.60318,-0.00000
18.29184,50.80757,-0.00000
22.56631,47.95583,-0.00000
26.25551,41.37207,-0.00000
33.09697,42.66838,-0.00000
38.18376,38.18377,-0.00000
42.06889,30.56482,-0.00000
44.75859,26.47014,-0.00000
48.34838,19.14246,-0.00000
48.01468,13.94956,-0.00000
56.29824,8.91677,-0.00000
52.97385,1.66477,-0.00000
51.76923,-4.89363,-0.00000
49.77175,-11.12533,-0.00000
48.92581,-17.61436,-0.00000
49.89636,-25.42348,-0.00000
41.25986,-29.97706,-0.00000
32.80359,-30.80461,-0.00000
31.25826,-40.29790,-0.00000
25.96111,-43.89784,-0.00000
23.03458,-53.22977,-0.00000
14.50753,-49.93527,-0.00000
9.38603,-59.26131,-0.00000
1.63335,-51.97433,-0.00000
-3.39017,-53.88523,0.94243
-11.24117,-58.92826,1.04714
-16.99335,-52.30014,0.95988
-20.64854,-47.71597,0.90752
-27.99301,-47.33360,0.95988
-32.47913,-41.87183,0.92498
-41.00595,-41.00594,1.01224
-38.71170,-30.02787,0.85517
-46.43096,-29.46598,0.95988
-48.85321,-22.98858,0.94243
-52.80810,-15.34218,0.95988
-57.27720,-9.07182,1.01224
-52.99192,0.00000,0.92498
-53.75216,5.08107,0.94243
-52.69147,11.77795,0.94243
-49.85908,17.95037,0.92498
-47.94853,22.56285,0.92498
-42.06247,30.56018,0.90752
-39.74983,35.04419,0.92498
-33.06057,37.49983,0.87262
-29.78588,43.82859,0.92498
-24.96567,48.99789,0.95988
-18.62775,51.74055,0.95988
-11.55984,51.71570,0.92498
-7.26823,57.53389,1.01224
0.00000,52.99192,0.92498
6.51633,51.58210,0.90752
12.86849,57.57032,1.02969
17.61168,48.91835,0.90752
22.98859,48.85321,0.94243
30.90987,45.48250,0.95988
31.86634,38.51979,0.87262
37.90059,35.59103,0.90752
38.86686,26.41390,0.82026
50.77964,25.87350,0.99479
51.34923,16.68436,0.94243
49.10688,9.36764,0.87262
53.75216,5.08108,0.94243
54.96448,-1.72733,0.95988
55.30212,-8.75900,0.97733
48.96752,-14.22636,0.89007
50.46881,-21.83981,0.95988
45.61237,-26.97509,0.92498
41.60136,-34.41566,0.94243
40.29895,-40.29894,0.99479
31.14787,-42.87136,0.92498
26.97508,-45.61238,0.92498
20.64854,-47.71597,0.90752
15.34217,-52.80811,0.95988
9.18030,-48.12474,0.85517
1.75873,-55.96384,0.97733
-4.79879,-50.76593,0.89007
-9.92970,-52.05329,0.92498
-15.24088,-42.33318,0.78536
-25.41960,-49.88876,0.97733
-31.86631,-41.08180,0.90752
-39.59195,-39.59195,0.97733
-41.87183,-32.47912,0.92498
-47.33360,-27.99301,0.95988
-52.47197,-24.69144,1.01224
-48.96751,-14.22638,0.89007
-57.27720,-9.07182,1.01224
-52.99192,0.00000,0.92498
-51.76133,4.89288,0.90752
-53.66724,11.99606,0.95988
-49.85908,17.95037,0.92498
-47.21615,24.05783,0.92498
-42.87136,31.14788,0.92498
-37.49984,33.06055,0.87262
-37.60229,45.45335,1.02969
-29.22388,43.00164,0.90752
-23.60390,46.32528,0.90752
-17.61169,48.91834,0.90752
-11.12362,49.76417,0.89007
-7.26823,57.53389,1.01224
0.00000,51.99208,0.90752
6.39102,50.59014,0.89007
11.34172,50.73994,0.90752
18.28905,50.79983,0.94243
22.56288,47.94852,0.92498
30.00173,47.27516,0.97733
28.80223,37.13163,0.82026
38.88494,38.88495,0.95988
41.08181,31.86630,0.90752
45.61238,26.97507,0.92498
47.94852,22.56287,0.92498
52.80810,15.34218,0.95988
57.27720,9.07182,1.01224
54.99162,-0.00000,0.95988
50.59014,-6.39100,0.89007
53.26395,-13.67586,0.95988
51.74056,-18.62773,0.95988
48.10702,-24.51176,0.94243
43.82859,-29.78587,0.92498
38.24984,-33.72176,0.89007
37.68904,-42.74981,0.99479
29.22388,-43.00164,0.90752
25.52905,-46.43718,0.92498
19.87569,-50.20028,0.94243
14.50532,-49.92767,0.90752
10.11707,-53.03542,0.94243
1.66451,-52.96577,0.92498
-3.26312,-51.86577,1.81477
-8.98882,-47.12106,1.67517
-16.05909,-49.42480,1.81477
-23.40359,-49.73516,1.91947
-29.45252,-46.40974,1.91947
-31.23922,-40.27335,1.77987
-37.45383,-37.45382,1.84967
-40.04228,-33.12585,1.81477
-43.87830,-27.84602,1.81477
-50.63944,-23.82912,1.95436
-51.71691,-18.61924,1.91947
-47.79079,-10.68250,1.71007
-50.74273,-4.79660,1.77987
-53.96710,0.00000,1.88457
-55.52457,7.01438,1.95436
-56.14360,14.41523,2.02416
-49.24813,19.49872,1.84967
-44.52318,22.68570,1.74497
-42.98198,29.21054,1.81477
-38.98201,34.36727,1.81477
-35.57476,37.88327,1.81477
-32.30849,44.46883,1.91947
-26.48030,48.16750,1.91947
-21.03602,48.61136,1.84967
-15.61397,53.74369,1.95436
-7.81696,49.35433,1.74497
-1.63237,51.94267,1.81477
3.32586,52.86319,1.84967
10.67421,55.95626,1.98926
15.44144,47.52385,1.74497
22.12705,47.02233,1.81477
26.77502,42.19067,1.74497
34.30187,44.22173,1.95436
36.04047,36.04048,1.77987
41.58236,34.39994,1.88457
43.03448,27.31053,1.77987
46.30412,23.59311,1.81477
49.83630,17.94218,1.84967
51.30363,13.17254,1.84967
52.55005,6.63862,1.84967
55.96589,-0.00000,1.95436
49.74778,-4.70255,1.74497
54.61804,-12.20861,1.95436
51.32576,-16.67676,1.88457
51.36295,-22.22674,1.95436
46.45175,-27.47150,1.88457
42.64238,-33.07681,1.88457
41.69389,-41.69388,2.05906
33.68935,-43.43204,1.91947
28.48895,-48.17219,1.95436
23.82914,-50.63943,1.95436
16.67675,-51.32576,1.88457
10.11245,-53.01119,1.88457
3.45139,-54.85803,1.91947
-1.69515,-53.94047,1.88457
-10.48696,-54.97458,1.95436
-15.89281,-54.70340,1.98926
-22.55256,-47.92662,1.84967
-28.48895,-48.17219,1.95436
-33.76289,-40.81232,1.84967
-38.86718,-38.86718,1.91947
-42.85178,-31.13364,1.84967
-48.17219,-28.48895,1.95436
-49.24813,-19.49871,1.84967
-53.74368,-15.61399,1.95436
-54.28976,-8.59865,1.91947
-55.93827,-1.75793,1.95436
-50.86835,3.20036,1.77987
-54.97458,10.48696,1.95436
-49.42480,16.05910,1.81477
-49.52856,21.43292,1.88457
-47.31197,27.98022,1.91947
-39.48368,30.62668,1.74497
-37.62716,40.06885,1.91947
-32.30849,44.46883,1.91947
-25.51739,46.41596,1.84967
-21.82983,50.44575,1.91947
-14.16669,55.17560,1.98926
-8.12963,51.32850,1.81477
-1.60098,50.94378,1.77987
3.70238,58.84770,2.05906
10.29968,53.99288,1.91947
16.67675,51.32576,1.88457
24.25465,51.54371,1.98926
28.38152,44.72211,1.84967
32.46427,41.85271,1.84967
40.28053,40.28054,1.98926
45.01140,34.91441,1.98926
45.56593,28.91703,1.88457
47.92662,22.55256,1.84967
48.89599,17.60365,1.81477
54.61804,12.20858,1.95436
49.74778,4.70255,1.74497
53.96710,-0.00000,1.88457
53.54156,-6.76385,1.88457
54.61804,-12.20861,1.95436
56.41846,-20.31187,2.09396
49.86597,-25.40799,1.95436
50.62881,-32.13003,2.09396
41.98064,-37.01090,1.95436
37.62716,-40.06884,1.91947
30.54622,-42.04325,1.81477
25.03593,-45.54018,1.81477
20.23451,-51.10655,1.91947
15.89280,-54.70340,1.98926
8.28594,-52.31560,1.84967
1.63236,-51.94267,1.81477
-3.44875,-54.81624,2.87847
-11.97597,-62.78022,3.34949
-16.66405,-51.28666,2.82614
-23.38577,-49.69728,2.87847
-31.99484,-47.07898,2.98314
-36.98271,-41.94865,2.93081
-44.19590,-38.96392,3.08782
-42.81913,-31.10992,2.77380
-54.27691,-27.65546,3.19249
-52.61711,-18.94333,2.93081
-51.65270,-11.54574,2.77380
-58.65765,-5.54478,3.08782
-51.92873,0.00000,2.72146
-59.18008,9.37320,3.14015
-53.70274,15.60209,2.93081
-49.49083,21.41659,2.82614
-50.75613,27.90341,3.03548
-43.62704,31.69691,2.82614
-41.49426,38.96571,2.98314
-36.28338,43.85905,2.98314
-30.87221,45.42709,2.87847
-26.46013,48.13081,2.87847
-18.94333,52.61711,2.93081
-13.16250,51.26455,2.77380
-5.07489,53.68666,2.82614
0.00000,51.92873,2.72146
6.75871,53.50077,2.82614
11.76359,52.62728,2.82614
17.92849,49.79834,2.77380
24.23617,51.50444,2.98314
28.89499,45.53122,2.82614
36.28336,43.85907,2.98314
36.71915,36.71916,2.72146
44.97711,34.88781,2.98314
45.53122,28.89500,2.82614
46.98652,22.11019,2.72146
48.85874,17.59024,2.72146
51.98987,9.91760,2.77380
54.68087,5.16886,2.87847
55.89565,-1.75659,2.93081
54.49153,-6.88386,2.87847
51.26455,-13.16250,2.77380
52.61712,-18.94331,2.93081
50.71776,-25.84200,2.98314
44.43494,-32.28389,2.87847
38.20324,-33.68068,2.66913
35.66190,-40.45048,2.82614
30.31091,-44.60114,2.82614
24.93526,-48.93819,2.87847
19.48386,-49.21062,2.77380
15.32348,-52.74377,2.87847
7.96719,-50.30307,2.66913
1.69385,-53.89938,2.82614
-4.98090,-52.69247,2.77380
-10.29185,-53.95176,2.87847
-16.66405,-51.28666,2.82614
-21.68498,-46.08293,2.66913
-29.43008,-46.37439,2.87847
-32.43955,-41.82082,2.77380
-38.13143,-38.13143,2.82614
-40.78123,-33.73717,2.77380
-46.37439,-29.43008,2.87847
-48.79369,-22.96057,2.82614
-51.28666,-16.66405,2.82614
-56.52560,-12.63496,3.03548
-53.81958,-3.38605,2.82614
-54.89752,1.72522,2.87847
-52.27574,8.27966,2.77380
-55.13357,14.15590,2.98314
-47.35361,18.74862,2.66913
-51.60755,26.29537,3.03548
-42.94924,29.18828,2.72146
-41.19957,36.32230,2.87847
-37.64312,42.69772,2.98314
-31.69690,43.62705,2.82614
-27.95890,47.27593,2.87847
-19.48386,49.21061,2.77380
-16.15929,55.62070,3.03548
-7.96722,50.30307,2.66913
-3.32333,52.82292,2.77380
3.26063,51.82626,2.72146
8.74833,55.23473,2.93081
15.32348,52.74377,2.87847
19.85148,50.13912,2.82614
25.49795,46.38060,2.77380
31.69691,43.62704,2.82614
38.28210,40.76628,2.93081
40.45048,35.66190,2.82614
42.81914,31.10991,2.77380
48.99506,28.97558,2.98314
47.65783,20.62339,2.72146
50.33691,16.35544,2.77380
53.60186,11.98144,2.87847
53.68667,5.07489,2.82614
53.81958,-3.38604,2.82614
55.23474,-8.74833,2.93081
49.33004,-12.66581,2.66913
51.06762,-20.21911,2.87847
48.04841,-24.48190,2.82614
45.42709,-30.87221,2.87847
37.85442,-35.54765,2.72146
35.64682,-43.08960,2.93081
30.87222,-45.42709,2.87847
24.48189,-48.04841,2.82614
19.85148,-50.13912,2.82614
13.65922,-53.19906,2.87847
7.13420,-56.47303,2.98314
1.72522,-54.89751,2.87847
-3.44507,-54.75776,3.83661
-10.46779,-54.87409,3.90636
-18.58520,-51.62239,3.83661
-25.48453,-54.15738,4.18539
-30.27857,-44.55356,3.76685
-34.33705,-41.50636,3.76685
-44.89703,-39.58206,4.18539
-45.19459,-32.83579,3.90636
-49.82780,-27.39307,3.97612
-51.94065,-20.56476,3.90636
-52.68749,-15.30714,3.83661
-56.16110,-8.89504,3.97612
-55.83602,-1.75472,3.90636
-53.76216,3.38243,3.76685
-51.93441,9.90702,3.69709
-53.12943,17.26280,3.90636
-49.64426,23.36081,3.83661
-47.22549,27.92907,3.83661
-41.50636,34.33705,3.76685
-38.09076,38.09076,3.76685
-34.23918,44.14090,3.90636
-26.91347,45.50820,3.69709
-23.78555,50.54689,3.90636
-16.95454,52.18069,3.83661
-10.28087,53.89420,3.83661
-4.97560,52.63625,3.69709
1.69204,53.84188,3.76685
7.12659,56.41278,3.97612
13.89271,54.10853,3.90636
20.56476,51.94065,3.90636
24.90866,48.88598,3.83661
30.46773,48.00946,3.97612
35.60878,43.04364,3.90636
41.44999,38.92414,3.97612
45.19460,32.83578,3.90636
50.70197,27.87366,4.04588
52.18458,22.58230,3.97612
53.14230,13.64463,3.83661
55.17582,8.73899,3.90636
54.75776,3.44507,3.83661
54.75776,-3.44507,3.83661
55.17582,-8.73899,3.90636
51.72955,-15.02880,3.76685
51.94065,-20.56477,3.90636
48.07946,-26.43192,3.83661
45.19458,-32.83580,3.90636
40.40733,-35.62385,3.76685
36.28355,-41.15561,3.83661
30.83928,-45.37862,3.83661
25.47075,-46.33112,3.69709
18.24731,-50.68379,3.76685
13.89273,-54.10852,3.90636
8.58290,-54.19054,3.83661
1.69204,-53.84188,3.76685
-3.50770,-55.75335,3.90636
-9.90702,-51.93441,3.69709
-15.02882,-51.72955,3.76685
-20.60138,-47.60699,3.62734
-28.83481,-52.45032,4.18539
-31.18212,-40.19974,3.55758
-34.82686,-37.08684,3.55758
-43.35266,-33.62777,3.83661
-44.64037,-28.32964,3.69709
-48.74164,-22.93608,3.76685
-51.23195,-16.64627,3.76685
-54.51821,-12.18626,3.90636
-55.61567,-5.25723,3.90636
-54.83895,1.72338,3.83661
-52.21997,8.27083,3.69709
-55.07475,14.14079,3.97612
-51.01314,20.19753,3.83661
-48.88598,24.90866,3.83661
-45.37862,30.83929,3.83661
-41.50636,34.33705,3.76685
-36.87550,39.26842,3.76685
-34.23918,44.14090,3.90636
-28.43687,48.08414,3.90636
-25.90926,55.06000,4.25515
-16.64627,51.23195,3.76685
-10.46779,54.87409,3.90636
-5.06948,53.62939,3.76685
1.75471,55.83602,3.90636
6.75150,53.44369,3.76685
13.64462,53.14231,3.83661
18.92310,52.56098,3.90636
23.36083,49.64425,3.83661
28.86417,45.48264,3.76685
32.40493,41.77621,3.69709
36.67998,36.67999,3.62734
42.27499,34.97293,3.83661
45.48264,28.86418,3.76685
47.83901,22.51134,3.69709
50.68380,18.24730,3.76685
54.51821,12.18627,3.90636
54.62253,5.16335,3.83661
54.86602,-0.00000,3.83661
54.43339,-6.87651,3.83661
55.49174,-12.40391,3.97612
52.56098,-18.92310,3.90636
46.21947,-23.55001,3.62734
45.48264,-28.86418,3.76685
41.15562,-36.28355,3.83661
38.92414,-41.44999,3.97612
31.66309,-43.58049,3.76685
27.42128,-46.36685,3.76685
21.78992,-50.35355,3.83661
14.75051,-50.77159,3.69709
10.28089,-53.89419,3.83661
3.38245,-53.76217,3.76685
-3.50289,-55.67682,4.88072
-8.72699,-55.10007,4.88072
-16.87244,-46.86502,4.35779
-25.02538,-53.18165,5.14219
-32.79072,-45.13255,4.88072
-36.89254,-41.84637,4.88072
-43.34088,-38.21013,5.05504
-46.96420,-31.91683,4.96788
-51.50535,-28.31531,5.14219
-53.42612,-19.23459,4.96788
-54.03425,-13.87363,4.88072
-57.32368,-7.24167,5.05504
-56.78310,0.00000,4.96788
-58.51464,5.53125,5.14219
-54.03425,13.87364,4.88072
-54.36342,19.57203,5.05504
-55.91980,28.49257,5.49082
-50.25993,34.15662,5.31650
-42.59363,37.55133,4.96788
-39.55265,42.11929,5.05504
-33.96181,46.74443,5.05504
-29.91915,50.59053,5.14219
-22.94693,53.02720,5.05504
-15.56404,53.57181,4.88072
-10.64009,55.77731,4.96788
-3.56544,56.67104,4.96788
3.62798,57.66527,5.05504
8.72700,55.10006,4.88072
15.84198,54.52845,4.96788
20.90325,52.79559,4.96788
26.39562,48.01346,4.79357
34.54737,47.55036,5.14219
37.55133,42.59363,4.96788
42.59363,37.55134,4.96788
46.74443,33.96180,5.05504
50.63237,27.83540,5.05504
53.02720,22.94693,5.05504
55.48508,16.11991,5.05504
54.79876,10.45343,4.88072
55.67682,3.50289,4.88072
59.74218,-1.87748,5.22935
55.10007,-8.72700,4.88072
54.03425,-13.87364,4.88072
52.79559,-20.90326,4.96788
49.75940,-27.35548,4.96788
46.14027,-31.35688,4.88072
41.84637,-36.89253,4.88072
37.50682,-39.94070,4.79357
34.54737,-47.55036,5.14219
28.79523,-52.37832,5.22935
23.34256,-53.94147,5.14219
16.11990,-55.48509,5.05504
10.45344,-54.79876,4.88072
3.50291,-55.67682,4.88072
-1.84618,-58.74648,5.14219
-9.03867,-57.06793,5.05504
-14.36912,-55.96405,5.05504
-22.15565,-51.19868,4.88072
-28.31530,-51.50535,5.14219
-34.54736,-47.55037,5.14219
-40.18652,-45.58265,5.31650
-43.34088,-38.21013,5.05504
-48.61206,-33.03672,5.14219
-52.37832,-28.79523,5.22935
-52.48882,-18.89714,4.88072
-54.03425,-13.87363,4.88072
-57.32368,-7.24167,5.05504
-57.77929,0.00000,5.05504
-60.49818,5.71875,5.31650
-58.33218,13.03880,5.22935
-52.48882,18.89713,4.88072
-51.37888,24.17706,4.96788
-51.44800,30.42625,5.22935
-44.51971,36.82990,5.05504
-40.85612,40.85612,5.05504
-35.41333,45.65460,5.05504
-28.90494,48.87560,4.96788
-26.72201,56.78719,5.49082
-17.85478,54.95137,5.05504
-11.01343,57.73441,5.14219
-5.62502,59.50640,5.22935
1.87747,59.74218,5.22935
7.99080,63.25372,5.57797
16.11991,55.48509,5.05504
21.63670,54.64806,5.14219
28.04030,55.03218,5.40366
32.47677,47.78813,5.05504
36.82990,44.51971,5.05504
43.34088,38.21013,5.05504
45.93850,33.37626,4.96788
50.59054,29.91914,5.14219
50.28442,21.76002,4.79357
55.89882,18.16260,5.14219
56.75586,10.82676,5.05504
58.51464,5.53126,5.14219
59.74218,-1.87748,5.22935
57.32368,-7.24164,5.05504
54.03425,-13.87364,4.88072
53.42613,-19.23457,4.96788
49.75940,-27.35548,4.96788
48.61207,-33.03671,5.14219
41.39310,-38.87070,4.96788
37.55134,-42.59362,4.96788
31.91684,-46.96420,4.96788
28.31531,-51.50535,5.14219
21.63670,-54.64806,5.14219
14.61689,-56.92894,5.14219
9.19448,-58.05187,5.14219
1.72101,-54.76366,4.79357
-3.55945,-56.57588,5.95812
-11.92671,-62.52199,6.68982
-19.87605,-55.20786,6.16718
-28.37094,-60.29131,7.00340
-33.90479,-46.66593,6.06265
-38.80366,-44.01411,6.16718
-44.01411,-38.80366,6.16718
-47.70788,-32.42224,6.06265
-60.25653,-30.70223,7.10793
-55.20786,-19.87606,6.16718
-55.32252,-12.36604,5.95812
-58.21410,-7.35415,6.16718
-56.68774,0.00000,5.95812
-57.42627,5.42837,6.06265
-54.35194,12.14911,5.85359
-55.80494,18.13213,6.16718
-51.29261,24.13646,5.95812
-47.93750,28.35015,5.85359
-46.36376,35.96341,6.16718
-40.59861,38.12463,5.85359
-36.13414,43.67865,5.95812
-29.84193,47.02333,5.85359
-24.38118,47.85078,5.64453
-19.20229,53.33641,5.95812
-14.09767,54.90679,5.95812
-7.60346,60.18746,6.37623
0.00000,56.68774,5.95812
8.86793,55.98982,5.95812
14.09767,54.90680,5.95812
20.50204,51.78225,5.85359
25.28419,49.62302,5.85359
32.98124,48.53043,6.16718
34.86626,42.14608,5.74906
42.04856,39.48623,6.06265
44.79211,34.74431,5.95812
46.22545,27.33764,5.64453
53.99221,25.40682,6.27171
54.85910,17.82478,6.06265
58.23423,13.01690,6.27171
58.41638,5.52198,6.16718
55.66574,-1.74937,5.85359
56.24075,-7.10483,5.95812
53.94352,-13.85035,5.85359
53.33641,-19.20227,5.95812
57.59815,-29.34773,6.79435
46.88534,-31.86323,5.95812
42.91235,-35.50021,5.85359
38.14597,-43.26810,6.06265
33.90479,-46.66593,6.06265
27.30953,-49.67585,5.95812
20.50204,-51.78225,5.85359
14.83967,-57.79662,6.27171
9.17904,-57.95438,6.16718
1.74936,-55.66574,5.85359
-3.49701,-55.58332,5.85359
-12.79994,-57.26366,6.16718
-18.43945,-56.75079,6.27171
-23.28958,-49.49286,5.74906
-28.85641,-48.79353,5.95812
-34.74432,-44.79210,5.95812
-39.38105,-39.38105,5.85359
-42.14608,-34.86626,5.74906
-47.86304,-30.37481,5.95812
-51.39528,-26.18720,6.06265
-50.52923,-18.19165,5.64453
-54.90680,-14.09767,5.95812
-56.24074,-7.10486,5.95812
-58.67679,0.00000,6.16718
-53.46584,5.05400,5.64453
-54.70674,10.43587,5.85359
-53.91325,17.51748,5.95812
-52.19247,24.55991,6.06265
-49.64955,29.36266,6.06265
-45.21124,37.40199,6.16718
-40.78752,40.78752,6.06265
-36.13414,43.67865,5.95812
-30.37482,47.86304,5.95812
-26.18719,51.39528,6.06265
-19.53917,54.27213,6.06265
-11.93216,53.38138,5.74906
-7.22952,57.22742,6.06265
0.00001,58.67679,6.16718
5.52198,58.41637,6.16718
12.79994,57.26366,6.16718
16.90283,52.02156,5.74906
25.40682,53.99221,6.27171
28.35014,47.93750,5.85359
34.86626,42.14608,5.74906
40.78751,40.78753,6.06265
43.67865,36.13414,5.95812
47.02333,29.84193,5.85359
52.19247,24.55993,6.06265
52.40068,18.86541,5.85359
55.32251,12.36605,5.95812
59.20078,7.47880,6.27171
57.68227,-0.00000,6.06265
55.44606,-5.24120,5.85359
56.66056,-10.80856,6.06265
55.80494,-18.13213,6.16718
52.02543,-22.51343,5.95812
46.18364,-29.30904,5.74906
42.43464,-32.91566,5.64453
40.08429,-40.08428,5.95812
36.76806,-44.44495,6.06265
30.37479,-47.86306,5.95812
25.73570,-50.50915,5.95812
19.20231,-53.33640,5.95812
12.58299,-56.29309,6.06265
7.35414,-58.21410,6.16718
-0.00000,-55.58258,6.82468
-5.23078,-55.33591,6.82468
-11.71703,-61.42282,7.67777
-18.09610,-55.69408,7.19029
-22.86288,-52.83300,7.06842
-29.30433,-49.55092,7.06842
-36.06234,-43.59189,6.94655
-45.61935,-45.61935,7.92151
-42.55830,-30.92041,6.45907
-50.40525,-29.80958,7.19029
-53.74392,-23.25707,7.19029
-55.28187,-16.06087,7.06842
-57.52296,-10.97309,7.19029
-57.53927,-1.80824,7.06842
-57.45407,3.61470,7.06842
-62.39779,11.90301,7.79964
-53.80614,17.48268,6.94655
-55.56574,24.04544,7.43403
-50.40525,29.80957,7.19029
-44.70313,34.67529,6.94655
-42.68856,40.08723,7.19029
-36.69503,44.35665,7.06842
-30.31448,47.76796,6.94655
-26.58578,52.17754,7.19029
-19.16414,53.23045,6.94655
-14.31650,55.75908,7.06842
-7.58835,60.06789,7.43403
-1.83943,58.53132,7.19029
5.51101,58.30033,7.19029
12.77451,57.14991,7.19029
17.48268,53.80614,6.94655
24.51114,52.08878,7.06842
29.80956,50.40525,7.19029
35.28362,45.48740,7.06842
41.40832,41.40833,7.19029
46.65096,38.59305,7.43403
48.60599,30.84631,7.06842
53.06191,27.03638,7.31216
54.44792,21.55744,7.19029
54.32874,15.78396,6.94655
56.85892,9.00557,7.06842
58.44466,3.67703,7.19029
58.44466,-3.67703,7.19029
68.62284,-10.86880,8.53085
54.75011,-17.78940,7.06842
55.56574,-24.04545,7.43403
49.55091,-29.30434,7.06842
45.48739,-35.28362,7.06842
42.11017,-42.11016,7.31216
36.69502,-44.35666,7.06842
31.90995,-50.28208,7.31216
27.03639,-53.06190,7.31216
20.17281,-56.03204,7.31216
13.82285,-53.83635,6.82468
7.09074,-56.12902,6.94655
-0.00000,-57.56768,7.06842
-5.51100,-58.30033,7.19029
-11.15907,-58.49792,7.31216
-17.78939,-54.75011,7.06842
-21.68032,-50.10026,6.70281
-30.31447,-47.76796,6.94655
-34.67530,-44.70312,6.94655
-40.70649,-40.70649,7.06842
-46.27165,-35.89197,7.19029
-48.60600,-30.84630,7.06842
-51.19070,-24.08852,6.94655
-53.80614,-17.48268,6.94655
-55.21262,-12.34148,6.94655
-59.28848,-5.60441,7.31216
-58.53133,1.83942,7.19029
-62.03733,7.83714,7.67777
-58.14128,16.89161,7.43403
-54.44791,21.55746,7.19029
-53.05626,29.16792,7.43403
-47.37621,34.42085,7.19029
-42.43763,37.41381,6.94655
-39.38296,44.67118,7.31216
-33.83743,46.57323,7.06842
-28.68976,52.18649,7.31216
-21.92284,55.37076,7.31216
-14.56334,56.72044,7.19029
-7.33955,58.09846,7.19029
-1.96414,62.49955,7.67777
3.61470,57.45407,7.06842
11.53103,60.44785,7.55590
16.33778,56.23501,7.19029
23.65126,54.65483,7.31216
29.16793,53.05626,7.43403
33.83743,46.57322,7.06842
40.69571,46.16023,7.55590
40.51796,38.04890,6.82468
45.97126,31.24206,6.82468
52.18649,28.68978,7.31216
54.65482,23.65127,7.31216
59.09441,17.16852,7.55590
63.37275,12.08900,7.92151
60.51544,1.90177,7.43403
58.44466,-3.67703,7.19029
56.85892,-9.00557,7.06842
55.28188,-16.06085,7.06842
53.52507,-21.19208,7.06842
53.05626,-29.16794,7.43403
48.17919,-35.00425,7.31216
43.41211,-40.76667,7.31216
39.38296,-44.67118,7.31216
30.31445,-47.76797,6.94655
27.48700,-53.94627,7.43403
20.17281,-56.03204,7.31216
14.56336,-56.72044,7.19029
7.71273,-61.05261,7.55590
-0.00000,-61.39661,8.62873
-5.21878,-55.20890,7.79369
-13.82530,-61.85082,8.90708
-18.05457,-55.56625,8.21121
-25.71977,-54.65730,8.48956
-31.25342,-52.84665,8.62873
-38.23736,-49.29531,8.76790
-44.06253,-46.92183,9.04625
-46.16545,-35.80959,8.21121
-49.33054,-31.30612,8.21121
-52.86525,-24.87650,8.21121
-55.56625,-18.05457,8.21121
-57.01873,-12.74519,8.21121
-60.28715,-3.79295,8.48956
-60.37654,1.89741,8.48956
-66.14548,12.61793,9.46377
-56.50805,18.36058,8.35039
-52.86526,24.87649,8.21121
-50.28955,29.74115,8.21121
-46.94792,36.41653,8.35039
-43.31246,40.67311,8.35039
-37.87324,45.78087,8.35039
-32.84017,48.32286,8.21121
-27.42390,53.82245,8.48956
-22.60160,57.08512,8.62873
-14.77618,57.54941,8.35039
-8.82998,55.75034,7.93287
-1.83521,58.39698,8.21121
3.91730,62.26377,8.76790
11.50456,60.30911,8.62873
18.36058,56.50805,8.35039
24.77682,57.25585,8.76790
29.23706,49.43719,8.07204
34.92390,48.06861,8.35039
38.63768,43.82585,8.21121
45.31147,39.94744,8.48956
46.46634,33.75975,8.07204
52.06670,28.62393,8.35039
52.71173,22.81041,8.07204
55.15498,16.02401,8.07204
61.28184,11.69014,8.76790
59.38676,1.86630,8.35039
59.29883,-3.73077,8.35039
57.70649,-9.13981,8.21121
55.56625,-18.05458,8.21121
54.52938,-23.59698,8.35039
52.84664,-31.25343,8.62873
49.67089,-36.08804,8.62873
42.01352,-42.01350,8.35039
38.50446,-46.54389,8.48956
33.42854,-52.67500,8.76790
26.97433,-52.94011,8.35039
20.12650,-55.90344,8.35039
12.96121,-57.98515,8.35039
7.07446,-56.00018,7.93287
-0.00000,-58.42581,8.21121
-5.59155,-59.15239,8.35039
-11.50458,-60.30911,8.62873
-20.12648,-55.90345,8.35039
-27.82795,-59.13740,9.18542
-32.89795,-51.83887,8.62873
-40.39811,-48.83294,8.90708
-42.01351,-42.01351,8.35039
-46.16545,-35.80959,8.21121
-49.33054,-31.30612,8.21121
-59.07349,-25.56338,9.04625
-55.56625,-18.05457,8.21121
-60.64072,-9.60455,8.62873
-58.31052,-3.66859,8.21121
-59.29883,3.73076,8.35039
-64.20002,12.24681,9.18542
-57.44985,18.66659,8.48956
-53.62056,23.20369,8.21121
-50.28955,29.74115,8.21121
-48.51284,37.63041,8.62873
-42.71374,42.71374,8.48956
-37.24202,45.01785,8.21121
-30.24524,51.14192,8.35039
-24.87649,52.86526,8.21121
-18.66659,57.44985,8.48956
-12.74521,57.01873,8.21121
-5.49837,58.16651,8.21121
0.00001,57.43554,8.07204
6.95035,55.01773,7.79369
12.74519,57.01873,8.21121
20.79735,57.76690,8.62873
25.71979,54.65729,8.48956
32.84017,48.32286,8.21121
39.13567,47.30691,8.62873
44.75620,42.02888,8.62873
46.16545,35.80958,8.21121
49.33054,31.30613,8.21121
54.65730,25.71978,8.48956
56.83517,20.46193,8.48956
58.95156,13.17724,8.48956
58.94756,7.44681,8.35039
58.42581,-0.00000,8.21121
58.16652,-5.49836,8.21121
55.08588,-12.31319,7.93287
56.83518,-20.46190,8.48956
51.96924,-24.45485,8.07204
51.83887,-32.89796,8.62873
49.29531,-38.23735,8.76790
41.31329,-41.31328,8.21121
37.87324,-45.78087,8.35039
32.36732,-51.00278,8.48956
24.87653,-52.86524,8.21121
16.83053,-51.79905,7.65452
10.76237,-56.41820,8.07204
5.49837,-58.16651,8.21121
-1.83042,-58.24486,9.22963
-7.42741,-58.79401,9.38607
-16.53338,-56.90826,9.38607
-23.26991,-58.77308,10.01181
-31.67478,-53.55913,9.85537
-34.83292,-47.94340,9.38607
-44.69767,-44.69767,10.01181
-46.04519,-35.71630,9.22963
-51.85884,-30.66923,9.54250
-54.51491,-25.65277,9.54250
-55.42150,-18.00754,9.22963
-58.79800,-13.14291,9.54250
-58.01500,-5.48403,9.22963
-60.21926,1.89246,9.54250
-61.73370,7.79878,9.85537
-57.85672,16.80893,9.54250
-56.93642,22.54273,9.69894
-50.20004,27.59770,9.07320
-46.34528,33.67183,9.07320
-43.19963,40.56715,9.38607
-37.14500,44.90058,9.22963
-32.19946,47.38008,9.07320
-29.14607,57.20239,10.16824
-21.07775,58.54570,9.85537
-14.98331,58.35615,9.54250
-7.67500,60.75381,9.69894
-1.83043,58.24485,9.22963
5.76289,60.96490,9.69894
11.10444,58.21162,9.38607
18.31275,56.36085,9.38607
23.92776,55.29379,9.54250
31.67476,53.55913,9.85537
35.99402,49.54151,9.69894
39.89104,42.47963,9.22963
44.45256,39.19020,9.38607
53.37170,33.87072,10.01181
51.92218,26.45565,9.22963
55.75782,20.07406,9.38607
57.39950,14.73769,9.38607
60.48275,9.57953,9.69894
60.21926,1.89247,9.54250
60.13010,-3.78307,9.54250
58.21163,-11.10444,9.38607
57.85673,-16.80891,9.54250
52.57442,-22.75099,9.07320
52.70898,-31.17202,9.69894
45.26477,-35.11094,9.07320
42.60247,-42.60246,9.54250
38.40416,-46.42264,9.54250
31.75377,-50.03598,9.38607
26.90407,-52.80220,9.38607
20.07407,-55.75781,9.38607
15.47459,-60.26947,9.85537
7.05603,-55.85431,8.91677
-0.00000,-60.24899,9.54250
-5.48403,-58.01500,9.22963
-10.73431,-56.27123,9.07320
-18.92318,-58.23954,9.69894
-22.75098,-52.57442,9.07320
-31.17200,-52.70898,9.69894
-38.40415,-46.42264,9.54250
-43.30087,-43.30087,9.69894
-46.04519,-35.71630,9.22963
-50.03597,-31.75379,9.38607
-57.19597,-26.91438,10.01181
-59.17889,-19.22839,9.85537
-54.94239,-12.28108,8.91677
-58.99830,-5.57698,9.38607
-59.23206,1.86144,9.38607
-56.83421,7.17983,9.07320
-57.39950,14.73769,9.38607
-56.93642,22.54273,9.69894
-58.96246,30.04288,10.48111
-51.46456,34.97529,9.85537
-44.90059,37.14500,9.22963
-40.56715,43.19963,9.38607
-34.97528,51.46457,9.85537
-29.97681,54.52763,9.85537
-20.40862,56.68711,9.54250
-14.24643,55.48618,9.07320
-10.81559,68.28698,10.95041
0.00001,61.23668,9.69894
5.76289,60.96490,9.69894
13.35836,59.76191,9.69894
18.00754,55.42150,9.22963
27.75547,58.98334,10.32468
34.83292,47.94339,9.38607
39.19020,44.45256,9.38607
42.97081,37.88387,9.07320
47.38007,32.19948,9.07320
53.68225,27.35245,9.54250
55.09977,21.81552,9.38607
57.85672,16.80894,9.54250
56.58064,8.96150,9.07320
62.10158,3.90710,9.85537
59.14436,-3.72105,9.38607
57.55617,-9.11601,9.22963
58.35615,-14.98332,9.54250
53.26310,-21.08836,9.07320
51.92216,-26.45568,9.22963
48.74245,-35.41348,9.54250
43.71169,-38.53703,9.22963
35.88585,-43.37853,8.91677
33.30980,-49.01387,9.38607
26.45567,-51.92216,9.22963
22.17913,-56.01809,9.54250
16.80893,-57.85672,9.54250
9.42498,-59.50723,9.54250
1.79939,-57.25766,9.07320
-5.56072,-58.82623,10.41889
-11.62568,-60.94394,10.93983
-20.01550,-55.59520,10.41889
-27.25520,-57.92024,11.28713
-32.65910,-48.05640,10.24524
-37.66440,-45.52844,10.41889
-45.22732,-42.47128,10.93983
-47.80357,-34.73132,10.41889
-51.77961,-28.46608,10.41889
-54.22871,-23.46686,10.41889
-53.90516,-15.66090,9.89794
-58.04184,-11.07208,10.41889
-57.00613,-3.58653,10.07159
-57.00613,3.58652,10.07159
-53.49757,8.47318,9.55064
-54.85086,15.93565,10.07159
-55.13253,23.85797,10.59253
-48.32764,26.56834,9.72429
-47.80356,34.73134,10.41889
-44.32291,39.07590,10.41889
-36.40893,44.01082,10.07159
-33.21264,48.87092,10.41889
-26.41657,56.13808,10.93983
-18.68114,51.88885,9.72429
-13.31942,59.58760,10.76618
-5.74608,60.78710,10.76618
1.88694,60.04362,10.59253
7.28231,57.64549,10.24524
14.69470,57.23209,10.41889
21.68345,60.22814,11.28713
27.51721,50.05363,10.07159
34.31972,50.49995,10.76618
38.42463,43.58420,10.24524
41.63784,39.10054,10.07159
46.21012,33.57360,10.07159
51.70760,30.57977,10.59253
53.32489,23.07575,10.24524
54.32326,17.65067,10.07159
54.17239,10.33394,9.72429
57.84579,5.46804,10.24524
60.04363,-1.88695,10.59253
57.64549,-7.28230,10.24524
53.90517,-15.66088,9.89794
53.10776,-21.02686,10.07159
50.05362,-27.51723,10.07159
47.00684,-34.15248,10.24524
44.32291,-39.07589,10.41889
38.42464,-43.58419,10.24524
33.76619,-49.68544,10.59253
29.88939,-54.36860,10.93983
20.01553,-55.59519,10.41889
14.20490,-55.32435,10.07159
7.65260,-60.57661,10.76618
-1.85601,-59.05930,10.41889
-7.28232,-57.64549,10.24524
-14.93961,-58.18596,10.59253
-18.68114,-51.88885,9.72429
-27.27269,-53.52567,10.59253
-31.66118,-49.89004,10.41889
-39.54762,-47.80487,10.93983
-42.35574,-39.77469,10.24524
-46.21012,-33.57361,10.07159
-51.70759,-30.57978,10.59253
-53.32490,-23.07574,10.24524
-54.85086,-15.93565,10.07159
-58.04184,-11.07208,10.41889
-58.97186,-3.71020,10.41889
-60.93759,3.83387,10.76618
-59.33367,9.39753,10.59253
-59.57939,17.30942,10.93983
-55.85471,22.11445,10.59253
-53.50560,29.41495,10.76618
-46.21011,33.57363,10.07159
-47.27777,41.68096,11.11348
-40.37844,45.80033,10.76618
-33.76618,49.68544,10.59253
-29.41495,53.50560,10.76618
-21.38939,54.02341,10.24524
-14.44979,56.27822,10.24524
-8.47318,53.49757,9.55064
0.00000,56.13404,9.89794
5.56072,58.82622,10.41889
12.46009,55.74324,10.07159
18.56366,57.13308,10.59253
24.73935,52.57375,10.24524
32.08369,54.25059,11.11348
36.81931,47.46721,10.59253
41.12299,43.79152,10.59253
44.01082,36.40893,10.07159
48.05639,32.65911,10.24524
53.52568,27.27268,10.59253
53.74202,19.34833,10.07159
54.37048,13.95997,9.89794
58.62253,7.40575,10.41889
57.11885,-0.00000,10.07159
58.82623,-5.56072,10.41889
56.70432,-12.67495,10.24524
55.85471,-22.11445,10.59253
53.52567,-27.27270,10.59253
48.05641,-32.65909,10.24524
47.80486,-39.54764,10.93983
42.47128,-45.22731,10.93983
33.57362,-46.21011,10.07159
30.07848,-50.85992,10.41889
23.07574,-53.32490,10.24524
16.75990,-57.68798,10.59253
10.88756,-57.07448,10.24524
3.64838,-57.98900,10.24524
-3.75985,-59.76110,11.63935
-9.52074,-60.11159,11.83015
-18.20037,-56.01497,11.44854
-23.78092,-54.95447,11.63935
-29.48164,-49.85074,11.25773
-35.49713,-45.76262,11.25773
-43.03514,-43.03514,11.83015
-45.76262,-35.49712,11.25773
-49.72891,-31.55893,11.44854
-52.40396,-24.65944,11.25773
-56.01497,-18.20037,11.44854
-59.39516,-13.27639,11.83015
-59.76110,-3.75986,11.63935
-59.84971,1.88085,11.63935
-60.11159,9.52074,11.83015
-56.09646,14.40312,11.25773
-52.02354,20.59758,10.87611
-54.19300,29.79285,12.02096
-49.23748,35.77314,11.83015
-44.91610,39.59886,11.63935
-35.19614,48.44334,11.63935
-30.48102,51.54059,11.63935
-23.78092,54.95446,11.63935
-16.70577,57.50167,11.63935
-11.22025,58.81863,11.63935
-3.57494,56.82203,11.06692
3.57493,56.82203,11.06692
11.03630,57.85439,11.44854
16.43191,56.55902,11.44854
22.40439,56.58702,11.83015
28.84705,52.47259,11.63935
32.00186,47.08932,11.06692
38.30053,43.44344,11.25773
44.36567,41.66214,11.83015
47.64919,34.61915,11.44854
51.61238,28.37416,11.44854
57.65714,24.95048,12.21177
62.21492,18.07511,12.59339
57.85439,11.03632,11.44854
59.76110,3.75985,11.63935
60.83085,-1.91169,11.83015
60.11159,-9.52074,11.83015
59.38698,-17.25349,12.02096
56.58702,-22.40439,11.83015
53.33279,-29.31997,11.83015
46.85502,-34.04218,11.25773
44.91610,-39.59886,11.63935
40.24803,-45.65242,11.83015
33.10538,-48.71308,11.44854
29.31996,-53.33280,11.83015
20.95894,-52.93624,11.06692
14.89139,-57.99803,11.63935
9.36714,-59.14205,11.63935
1.81918,-57.88742,11.25773
-5.45038,-57.65897,11.25773
-11.58813,-60.74711,12.02096
-18.80705,-57.88214,11.83015
-23.39107,-54.05357,11.44854
-29.48164,-49.85074,11.25773
-34.89548,-44.98698,11.06692
-41.64691,-41.64691,11.44854
-46.13776,-38.16847,11.63935
-48.90010,-31.03295,11.25773
-51.51576,-24.24148,11.06692
-58.81572,-19.11039,12.02096
-57.85439,-11.03632,11.44854
-59.61351,-5.63514,11.63935
-59.84971,1.88085,11.63935
-58.43320,7.38183,11.44854
-55.14568,14.15900,11.06692
-56.33924,20.28337,11.63935
-55.10208,28.07592,12.02096
-48.07129,30.50696,11.06692
-46.13776,38.16847,11.63935
-42.34103,42.34103,11.63935
-36.09877,46.53826,11.44854
-30.50697,48.07128,11.06692
-25.07738,53.29217,11.44854
-18.50371,56.94855,11.63935
-13.27640,59.39515,11.83015
-5.45039,57.65897,11.25773
1.88084,59.84970,11.63935
7.62789,60.38098,11.83015
14.64724,57.04725,11.44854
21.68166,54.76163,11.44854
25.40202,49.85426,10.87611
32.00186,47.08932,11.06692
36.91705,44.62505,11.25773
44.36567,41.66214,11.83015
47.31390,36.70041,11.63935
51.54060,30.48101,11.63935
54.95446,23.78093,11.63935
53.73106,15.61032,10.87611
58.81863,11.22026,11.63935
56.82203,3.57494,11.06692
58.78140,-3.69822,11.44854
57.20296,-9.06006,11.25773
58.44433,-16.97962,11.83015
55.67432,-22.04303,11.63935
51.61238,-28.37416,11.44854
49.23748,-35.77314,11.83015
45.65243,-40.24802,11.83015
37.65138,-42.70710,11.06692
31.45011,-46.27743,10.87611
28.37415,-51.61238,11.44854
20.59758,-52.02355,10.87611
14.64727,-57.04725,11.44854
9.21358,-58.17250,11.44854
1.91168,-60.83085,11.83015
-3.62368,-57.59682,12.26679
-11.36377,-59.57096,12.89052
-20.21148,-56.13953,12.68261
-27.48735,-58.41359,13.72217
-36.22126,-49.85429,13.09843
-40.10536,-45.49060,12.89052
-48.42547,-42.69280,13.72217
-48.54041,-32.98803,12.47470
-57.52137,-29.30860,13.72217
-57.05985,-20.54282,12.89052
-55.89762,-14.35207,12.26679
-55.31477,-6.98788,11.85096
-60.64515,0.00000,12.89052
-60.16694,7.60085,12.89052
-57.27543,12.80258,12.47470
-56.13953,20.21147,12.68261
-53.10326,24.98849,12.47470
-47.90088,30.39882,12.05888
-45.22054,37.40968,12.47470
-42.19094,42.19094,12.68261
-37.16983,47.91907,12.89052
-33.01942,52.03026,13.09843
-25.82144,54.87337,12.89052
-17.83359,54.88614,12.26679
-12.80259,57.27543,12.47470
-5.33902,56.48077,12.05888
1.93563,61.59288,13.09843
7.60085,60.16694,12.89052
15.32509,59.68729,13.09843
22.68505,57.29589,13.09843
26.20011,51.42061,12.26679
33.53782,49.34942,12.68261
36.78618,44.46687,12.26679
45.49060,40.10536,12.89052
47.48029,34.49643,12.47470
51.42062,26.20010,12.26679
53.65806,21.24471,12.26679
57.79245,14.83858,12.68261
57.96630,9.18096,12.47470
59.63756,1.87419,12.68261
57.25564,-7.23305,12.26679
57.27543,-12.80261,12.47470
55.21922,-19.88012,12.47470
50.51596,-29.87507,12.47470
48.69196,-37.76934,13.09843
42.78234,-40.17528,12.47470
38.65668,-46.72789,12.89052
30.92292,-48.72677,12.26679
26.20011,-51.42061,12.26679
20.87417,-57.98016,13.09843
12.58920,-56.32085,12.26679
5.61518,-59.40219,12.68261
-0.00000,-61.62329,13.09843
-5.61516,-59.40220,12.68261
-13.44271,-60.13920,13.09843
-20.87415,-57.98018,13.09843
-25.40497,-53.98831,12.68261
-33.01941,-52.03027,13.09843
-37.40968,-45.22054,12.47470
-41.49929,-41.49928,12.47470
-50.23773,-38.96838,13.51426
-51.35789,-30.37297,12.68261
-53.86197,-23.30816,12.47470
-57.29784,-16.64657,12.68261
-57.64931,-10.99720,12.47470
-55.64439,-3.50085,11.85096
-59.54926,3.74652,12.68261
-56.68849,10.81391,12.26679
-56.35853,16.37367,12.47470
-55.65737,24.08509,12.89052
-50.51596,29.87505,12.47470
-49.06295,35.64634,12.89052
-45.63449,42.85364,13.30634
-38.03318,45.97421,12.68261
-34.63742,50.96743,13.09843
-30.15847,54.85806,13.30634
-21.60481,54.56751,12.47470
-15.32509,59.68728,13.09843
-9.33397,58.93240,12.68261
-1.87420,59.63755,12.68261
5.89132,62.32361,13.30634
13.22933,59.18462,12.89052
18.74038,57.67696,12.89052
24.98851,53.10325,12.47470
31.44706,49.55264,12.47470
33.57274,43.28175,11.64305
43.57424,43.57425,13.09843
45.97420,38.03319,12.68261
47.90088,30.39884,12.05888
53.16369,27.08824,12.68261
53.37857,19.21748,12.05888
57.79245,14.83858,12.68261
58.22607,7.35567,12.47470
56.73256,-0.00000,12.05888
59.40220,-5.61516,12.68261
59.18461,-13.22936,12.89052
57.98018,-20.87413,13.09843
52.21822,-24.57201,12.26679
51.20439,-32.49531,12.89052
45.60041,-35.37129,12.26679
42.88260,-42.88259,12.89052
38.65668,-46.72789,12.89052
31.97116,-50.37852,12.68261
28.86453,-56.64983,13.51426
20.87417,-57.98016,13.09843
14.83860,-57.79245,12.68261
7.35566,-58.22607,12.47470
-0.00000,-57.48783,13.27211
-7.20514,-57.03452,13.27211
-14.02845,-62.75967,14.84677
-20.46348,-56.83949,13.94696
-26.55146,-56.42472,14.39687
-33.95599,-49.96471,13.94696
-37.37302,-42.39137,13.04716
-46.04580,-40.59484,14.17192
-47.29692,-34.36322,13.49706
-59.03556,-30.08012,15.29667
-58.67302,-21.12360,14.39687
-60.40054,-15.50822,14.39687
-64.76801,-8.18210,15.07172
-61.38531,0.00000,14.17192
-59.17279,5.59347,13.72201
-63.71056,14.24101,15.07172
-58.67303,21.12358,14.39687
-56.42473,26.55145,14.39687
-51.57648,35.05135,14.39687
-48.23846,42.52792,14.84677
-41.88357,47.50756,14.62182
-34.50366,50.77060,14.17192
-29.19541,57.29923,14.84677
-21.78370,60.50656,14.84677
-16.23517,63.23181,15.07172
-7.69363,60.90127,14.17192
0.00001,64.30843,14.84677
8.05998,63.80133,14.84677
12.96568,58.00515,13.72201
25.15299,58.12512,14.62182
30.98082,56.35390,14.84677
37.22683,51.23832,14.62182
40.59483,46.04581,14.17192
48.96934,43.17229,15.07172
51.23833,37.22681,14.62182
53.79235,29.57261,14.17192
54.35678,21.52135,13.49706
58.94793,17.12596,14.17192
57.42668,10.95473,13.49706
63.20907,3.97678,14.62182
62.32891,-1.95877,14.39687
62.55431,-9.90763,14.62182
61.34430,-15.75054,14.62182
57.98056,-22.95614,14.39687
52.93851,-29.10320,13.94696
51.23832,-37.22683,14.62182
45.45826,-42.68813,14.39687
38.01739,-43.12226,13.27211
35.59902,-52.38236,14.62182
29.10319,-52.93851,13.94696
22.59744,-57.07462,14.17192
17.66963,-60.81929,14.62182
9.60274,-60.62957,14.17192
1.95875,-62.32891,14.39687
-3.79323,-60.29173,13.94696
-11.13730,-58.38379,13.72201
-19.87240,-61.16095,14.84677
-23.60511,-54.54819,13.72201
-30.75167,-51.99824,13.94696
-37.02629,-47.73401,13.94696
-44.68914,-47.58911,15.07172
-46.54743,-38.50738,13.94696
-51.15956,-30.25568,13.72201
-55.44242,-23.99208,13.94696
-61.75497,-17.94148,14.84677
-66.40381,-10.51733,15.52162
-61.35502,-1.92816,14.17192
-60.29173,3.79323,13.94696
-61.80876,13.81590,14.62182
-58.38090,18.96911,14.17192
-55.44242,23.99208,13.94696
-54.51428,32.23965,14.62182
-48.50392,37.62349,14.17192
-46.16854,43.35514,14.62182
-39.12848,47.29819,14.17192
-35.59901,52.38237,14.62182
-30.52247,59.90374,15.52162
-19.57130,60.23426,14.62182
-12.96570,58.00514,13.72201
-7.81575,61.86796,14.39687
0.00001,61.38531,14.17192
5.68518,60.14283,13.94696
15.50822,60.40054,14.39687
20.13341,55.92274,13.72201
27.86835,54.69471,14.17192
31.84771,50.18396,13.72201
40.99173,49.55050,14.84677
44.74796,42.02114,14.17192
48.87349,35.50865,13.94696
52.93851,29.10320,13.94696
55.44242,23.99209,13.94696
58.94793,17.12596,14.17192
62.55431,9.90763,14.62182
60.29173,3.79324,13.94696
63.20907,-3.97678,14.62182
60.62956,-9.60278,14.17192
58.01225,-16.85409,13.94696
57.07462,-22.59745,14.17192
55.50005,-30.51143,14.62182
49.66175,-36.08139,14.17192
46.77670,-41.23919,14.39687
42.52793,-48.23846,14.84677
35.05135,-51.57648,14.39687
27.86835,-54.69471,14.17192
24.03220,-60.69841,15.07172
15.26593,-59.45678,14.17192
10.21244,-64.47906,15.07172
2.01997,-64.27669,14.84677
-4.02107,-63.91314,15.96684
-12.36344,-64.81141,16.45069
-18.29011,-56.29116,14.75724
-24.66245,-56.99157,15.48300
-33.58660,-56.79185,16.45069
-38.65557,-49.83446,15.72492
-47.34108,-47.34108,16.69261
-50.60114,-39.25026,15.96684
-54.28633,-32.10484,15.72492
-62.33454,-26.97456,16.93453
-59.98239,-19.48946,15.72492
-63.44417,-14.18145,16.20877
-62.78932,-5.93534,15.72492
-63.03809,1.98105,15.72492
-63.25108,10.01799,15.96684
-61.08778,15.68468,15.72492
-54.32010,23.50640,14.75724
-56.11825,30.85126,15.96684
-50.23908,36.50084,15.48300
-46.58109,41.06675,15.48300
-41.06676,46.58108,15.48300
-34.90477,51.36081,15.48300
-30.38382,55.26797,15.72492
-23.57452,59.54243,15.96684
-16.16728,62.96740,16.20877
-9.41083,59.41769,14.99916
0.00001,62.09892,15.48300
6.48322,68.58524,17.17645
17.59575,60.56497,15.72492
24.27711,56.10108,15.24108
31.11699,52.61598,15.24108
40.43965,52.13452,16.45069
44.50229,47.39011,16.20877
50.09091,41.43882,16.20877
55.37336,37.63172,16.69261
55.33055,28.19230,15.48300
57.73812,22.86012,15.48300
58.26834,14.96077,14.99916
63.53454,8.02628,15.96684
62.09892,-0.00000,15.48300
62.57190,-7.90464,15.72492
60.14797,-15.44338,15.48300
59.54243,-23.57453,15.96684
55.33054,-28.19233,15.48300
52.96584,-35.99553,15.96684
44.39761,-39.14174,14.75724
42.50964,-45.26816,15.48300
38.21181,-52.59404,16.20877
30.38383,-55.26797,15.72492
24.66245,-56.99157,15.48300
17.05434,-58.70144,15.24108
12.36346,-64.81141,16.45069
3.96017,-62.94476,15.72492
-4.08200,-64.88152,16.20877
-10.32156,-65.16778,16.45069
-17.86646,-61.49674,15.96684
-25.04781,-57.88207,15.72492
-28.51405,-51.86687,14.75724
-36.50083,-50.23908,15.48300
-41.84542,-44.56085,15.24108
-45.85326,-40.42509,15.24108
-54.57086,-37.08632,16.45069
-55.26797,-30.38383,15.72492
-57.73812,-22.86014,15.48300
-62.02760,-15.92598,15.96684
-64.49718,-8.14789,16.20877
-64.03951,0.00000,15.96684
-61.82333,5.84402,15.48300
-57.76259,12.91148,14.75724
-60.25355,21.69261,15.96684
-57.94468,27.26669,15.96684
-53.25110,33.79417,15.72492
-45.85326,40.42509,15.24108
-43.63344,49.49240,16.45069
-35.36018,48.66912,14.99916
-29.91638,54.41770,15.48300
-22.86014,57.73811,15.48300
-17.86644,61.49674,15.96684
-12.36344,64.81141,16.45069
-3.96014,62.94476,15.72492
4.08199,64.88152,16.20877
11.81797,61.95209,15.72492
19.78930,60.90519,15.96684
27.67985,58.82262,16.20877
33.09267,55.95668,16.20877
39.84495,51.36784,16.20877
43.91056,43.91057,15.48300
49.34328,40.82033,15.96684
55.70884,35.35392,16.45069
54.46601,27.75180,15.24108
61.16648,22.02130,16.20877
62.96740,16.16729,16.20877
70.27305,8.87755,17.66030
65.00981,-0.00000,16.20877
63.75531,-6.02665,15.96684
61.55030,-13.75816,15.72492
62.07942,-22.34994,16.45069
56.18879,-26.44042,15.48300
54.07034,-34.31410,15.96684
52.33379,-43.29430,16.93453
45.16649,-48.09742,16.45069
35.93051,-49.45409,15.24108
31.78616,-57.81880,16.45069
23.57451,-59.54243,15.96684
18.13716,-62.42851,16.20877
10.01795,-63.25108,15.96684
3.77739,-60.03962,14.99916
-4.00296,-63.62531,17.08205
-10.12397,-63.92026,17.34087
-19.70018,-60.63090,17.08205
-25.70223,-59.39436,17.34087
-32.45195,-54.87326,17.08205
-36.70541,-47.32033,16.04678
-40.99575,-43.65604,16.04678
-49.12107,-40.63648,17.08205
-53.01128,-33.64198,16.82323
-57.66330,-29.38091,17.34087
-57.25572,-20.61334,16.30559
-63.15844,-14.11758,17.34087
-65.16503,-8.23226,17.59969
-64.71703,0.00000,17.34087
-66.12334,8.35332,17.85851
-63.15843,14.11759,17.34087
-59.98219,21.59491,17.08205
-56.80973,26.73262,16.82323
-53.82684,34.15955,17.08205
-46.88829,38.78937,16.30559
-49.85993,49.85993,18.89378
-36.33644,50.01283,16.56441
-31.96025,54.04185,16.82323
-24.93501,57.62139,16.82323
-18.86392,64.93008,18.11733
-11.94576,62.62190,17.08205
-4.12426,65.55334,17.59969
4.00296,63.62531,17.08205
9.82178,62.01219,16.82323
17.24702,59.36464,16.56441
25.31862,58.50787,17.08205
29.78165,54.17263,16.56441
38.60748,53.13862,17.59969
43.43691,49.26952,17.59969
49.99407,44.07570,17.85851
54.64239,34.67713,17.34087
55.08137,28.06534,16.56441
60.89101,21.92212,17.34087
62.68383,16.09448,17.34087
63.46818,5.99951,17.08205
65.68296,-0.00000,17.59969
65.16503,-8.23223,17.59969
62.21576,-13.90691,17.08205
61.79984,-22.24929,17.59969
58.55773,-27.55515,17.34087
52.72731,-35.83342,17.08205
49.86532,-41.25220,17.34087
45.62431,-48.58494,17.85851
39.17524,-53.92007,17.85851
31.64301,-57.55841,17.59969
23.11276,-58.37619,16.82323
16.97753,-58.43707,16.30559
12.30778,-64.51953,17.59969
1.94178,-61.78875,16.56441
-4.00296,-63.62531,17.08205
-12.12676,-63.57072,17.34087
-20.94053,-58.16455,16.56441
-28.37772,-60.30571,17.85851
-34.67712,-54.64240,17.34087
-41.25219,-49.86533,17.34087
-45.07884,-45.07883,17.08205
-51.13649,-39.66552,17.34087
-54.87326,-32.45195,17.08205
-56.73491,-24.55139,16.56441
-57.87495,-18.80471,16.30559
-61.67308,-11.76477,16.82323
-64.58932,-4.06362,17.34087
-61.69727,3.88166,16.56441
-65.82833,10.42618,17.85851
-64.00250,18.59445,17.85851
-58.50787,25.31861,17.08205
-55.70467,32.94364,17.34087
-51.57572,37.47197,17.08205
-48.58495,45.62431,17.85851
-42.48361,51.35384,17.85851
-35.29050,51.92841,16.82323
-26.32135,55.93573,16.56441
-22.24931,61.79983,17.59969
-13.69618,61.27311,16.82323
-5.99952,63.46817,17.08205
1.94178,61.78875,16.56441
8.23225,65.16503,17.59969
14.32829,64.10110,17.59969
22.24929,61.79984,17.59969
27.96646,59.43171,17.59969
34.15955,53.82684,17.08205
41.25218,49.86533,17.34087
47.17668,44.30186,17.34087
52.35719,38.03971,17.34087
55.70468,32.94363,17.34087
60.28083,26.08586,17.59969
62.14735,18.05548,17.34087
62.96622,9.97287,17.08205
61.69727,3.88166,16.56441
65.55334,-4.12427,17.59969
62.62191,-11.94574,17.08205
62.14737,-18.05545,17.34087
54.96194,-23.78417,16.04678
57.55841,-31.64302,17.59969
52.35717,-38.03973,17.34087
46.47256,-43.64063,17.08205
41.86790,-50.60958,17.59969
36.91930,-54.32510,17.59969
28.50388,-55.94201,16.82323
19.40169,-59.71225,16.82323
14.11758,-63.15844,17.34087
6.18133,-65.39146,17.59969
-1.99280,-63.41196,18.19206
-10.67659,-67.40932,19.57025
-21.09028,-64.90920,19.57025
-25.19636,-58.22536,18.19206
-34.25254,-57.91788,19.29461
-38.88483,-50.13002,18.19206
-46.22059,-46.22059,18.74334
-51.64911,-40.06315,18.74334
-56.81340,-36.05488,19.29461
-56.53541,-26.60355,17.91642
-60.33813,-19.60505,18.19206
-63.79157,-14.25910,18.74334
-66.03270,-6.24193,19.01897
-63.41196,1.99280,18.19206
-66.45988,10.52621,19.29461
-63.69345,18.50466,19.01897
-58.22536,25.19636,18.19206
-51.29870,30.33796,17.08951
-51.32668,37.29103,18.19206
-45.54742,42.77188,17.91642
-39.21481,47.40254,17.64079
-35.66040,52.47270,18.19206
-31.49020,57.28048,18.74334
-21.49064,59.69255,18.19206
-15.77770,61.45008,18.19206
-7.71061,61.03564,17.64079
0.00001,66.32706,19.01897
6.15147,65.07569,18.74334
14.04941,62.85347,18.46770
22.79309,63.31029,19.29461
27.83142,59.14473,18.74334
35.53981,56.00178,19.01897
42.89118,51.84654,19.29461
47.64961,44.74596,18.74334
49.77134,36.16098,17.64079
54.60830,32.29524,18.19206
54.69654,23.66932,17.08951
60.00107,17.43193,17.91642
59.48681,11.34772,17.36515
61.39935,3.86292,17.64079
61.39935,-3.86292,17.64079
61.71275,-9.77434,17.91642
57.23180,-16.62735,17.08951
59.10755,-25.57813,18.46770
55.59576,-30.56404,18.19206
51.32668,-37.29103,18.19206
46.24816,-43.42990,18.19206
39.82754,-48.14321,17.91642
36.74103,-54.06277,18.74334
30.56403,-55.59576,18.19206
23.00116,-58.09430,17.91642
16.01678,-62.38114,18.46770
7.83106,-61.98932,17.91642
-0.00000,-63.44327,18.19206
-7.71059,-61.03564,17.64079
-13.83972,-61.91535,18.19206
-21.81626,-60.59699,18.46770
-28.36624,-55.67188,17.91642
-34.50967,-54.37855,18.46770
-41.66572,-50.36521,18.74334
-48.35034,-45.40400,19.01897
-51.32669,-37.29102,18.19206
-54.81539,-27.92983,17.64079
-57.88369,-20.83942,17.64079
-59.10102,-13.21064,17.36515
-64.85036,-8.19251,18.74334
-63.44327,0.00000,18.19206
-63.16171,5.97053,18.19206
-60.97724,13.63004,17.91642
-59.69255,21.49064,18.19206
-59.14474,27.83139,18.74334
-53.56693,33.99460,18.19206
-50.13002,38.88483,18.19206
-45.54088,45.54088,18.46770
-41.05300,49.62454,18.46770
-34.50968,54.37854,18.46770
-29.67544,58.24135,18.74334
-22.79311,63.31028,19.29461
-13.63004,60.97724,17.91642
-8.31300,65.80405,19.01897
0.00001,62.48201,17.91642
7.83107,61.98932,17.91642
13.83972,61.91536,18.19206
21.49063,59.69256,18.19206
29.67545,58.24134,18.74334
35.02474,55.19016,18.74334
40.44025,48.88388,18.19206
46.22058,46.22060,18.74334
50.13002,38.88482,18.19206
54.37854,34.50969,18.46770
58.27496,27.42213,18.46770
59.42393,19.30798,17.91642
62.85346,14.04942,18.46770
63.16171,5.97054,18.19206
63.41196,-1.99280,18.19206
63.61161,-10.07509,18.46770
64.61655,-18.77282,19.29461
59.98975,-25.95990,18.74334
55.43568,-32.78459,18.46770
54.43738,-39.55109,19.29461
46.94889,-44.08792,18.46770
41.95579,-47.58950,18.19206
36.20072,-53.26774,18.46770
29.67545,-58.24134,18.74334
23.00116,-58.09430,17.91642
16.25584,-63.31220,18.74334
9.92468,-62.66219,18.19206
1.99279,-63.41196,18.19206
-4.02314,-63.94598,19.58890
-12.54355,-65.75562,20.46602
-22.02769,-61.18428,19.88127
-30.82488,-60.49723,20.75839
-39.27044,-50.62714,19.58890
-46.65845,-46.65845,20.17365
-51.38277,-39.85656,19.88127
-55.71299,-35.35654,20.17365
-58.83974,-27.68789,19.88127
-60.93649,-19.79947,19.58890
-64.81625,-12.36436,20.17365
-63.94598,-4.02315,19.58890
-66.80923,4.20328,20.46602
-64.81625,12.36436,20.17365
-61.52833,17.87564,19.58890
-60.46218,23.93867,19.88127
-56.79608,33.58910,20.17365
-51.83567,37.66084,19.58890
-46.70678,43.86059,19.58890
-42.06044,50.84233,20.17365
-38.16413,56.15682,20.75839
-29.08826,57.08894,19.58890
-22.02770,61.18427,19.88127
-16.40981,63.91198,20.17365
-6.11976,64.74012,19.88127
0.00001,65.02872,19.88127
7.91054,62.61842,19.29653
14.39418,64.39590,20.17365
23.58663,59.57303,19.58890
28.21996,55.38479,19.00416
36.01403,52.99305,19.58890
41.45086,50.10550,19.88127
48.10101,45.16986,20.17365
52.60935,38.22291,19.88127
55.14983,32.61550,19.58890
59.68041,25.82603,19.88127
63.36499,18.40924,20.17365
64.22811,10.17274,19.88127
65.85481,4.14323,20.17365
66.80923,-4.20328,20.46602
63.87689,-12.18514,19.88127
62.75549,-20.39050,20.17365
59.70504,-28.09504,20.17365
56.79607,-33.58912,20.17365
52.89404,-41.02880,20.46602
48.79814,-45.82448,20.46602
41.45087,-50.10549,19.88127
34.84411,-54.90558,19.88127
29.95657,-58.79308,20.17365
20.98152,-64.57449,20.75839
14.81140,-66.26244,20.75839
4.14326,-65.85482,20.17365
-2.04260,-64.99664,19.88127
-10.17273,-64.22811,19.88127
-15.93416,-62.05947,19.58890
-23.93867,-60.46218,19.88127
-31.78853,-57.82312,20.17365
-38.78502,-53.38300,20.17365
-44.90151,-50.93077,20.75839
-47.34409,-41.73943,19.29653
-52.99305,-36.01404,19.58890
-56.98510,-31.32783,19.88127
-63.12963,-24.99479,20.75839
-63.91198,-16.40980,20.17365
-65.46471,-8.27012,20.17365
-65.98502,0.00000,20.17365
-64.74013,6.11973,19.88127
-63.91198,16.40981,20.17365
-61.18428,22.02769,19.88127
-58.79308,29.95658,20.17365
-54.57492,37.08910,20.17365
-50.10549,41.45087,19.88127
-43.20595,46.00967,19.29653
-38.78502,53.38301,20.17365
-32.61551,55.14982,19.58890
-25.82603,59.68041,19.88127
-18.67602,64.28334,20.46602
-12.18517,63.87688,19.88127
-4.14323,65.85481,20.17365
4.02313,63.94598,19.58890
10.17274,64.22810,19.88127
17.87563,61.52834,19.58890
24.64275,62.24047,20.46602
32.24923,58.66113,20.46602
39.27042,50.62715,19.58890
44.51523,47.40389,19.88127
50.62715,39.27042,19.58890
54.90556,34.84415,19.88127
59.70503,28.09507,20.17365
59.11750,19.20842,19.00416
62.52934,13.97697,19.58890
65.69218,6.20974,20.17365
66.90829,-2.10268,20.46602
71.15730,-8.98923,21.92787
66.69077,-17.12329,21.05076
59.57302,-23.58664,19.58890
57.08894,-29.08828,19.58890
53.78400,-36.55155,19.88127
49.49610,-43.63667,20.17365
43.86059,-46.70678,19.58890
38.78503,-53.38300,20.17365
31.32783,-56.98510,19.88127
26.58561,-61.43572,20.46602
18.40923,-63.36500,20.17365
12.00600,-62.93752,19.58890
4.14326,-65.85482,20.17365
-4.18021,-66.44258,21.63119
-11.90224,-75.14780,24.72136
-20.27859,-62.41108,21.32217
-26.06199,-60.22572,21.32217
-33.88890,-57.30300,21.63119
-40.80365,-52.60374,21.63119
-51.99678,-48.82822,23.17627
-55.39830,-40.24922,22.24922
-59.17262,-32.53042,21.94020
-64.58990,-27.95055,22.86726
-64.84383,-18.83888,21.94020
-69.51171,-11.00957,22.86726
-71.18848,-4.47881,23.17627
-69.29012,4.35936,22.55824
-66.69366,10.56324,21.94020
-68.74264,22.33584,23.48529
-62.84423,27.19512,22.24922
-57.30300,33.88889,21.63119
-55.60968,43.13528,22.86726
-51.30349,48.17718,22.86726
-44.86075,54.22731,22.86726
-36.18172,57.01324,21.94020
-32.38279,63.55482,23.17627
-24.16192,67.11230,23.17627
-15.35254,68.68324,22.86726
-6.80219,71.95950,23.48529
2.18075,69.39286,22.55824
8.82072,69.82323,22.86726
17.50234,68.16712,22.86726
24.16190,67.11232,23.17627
34.82130,63.33970,23.48529
39.02382,57.42183,22.55824
45.46696,54.96013,23.17627
49.22361,46.22405,21.94020
57.70658,41.92626,23.17627
59.75885,35.34127,22.55824
65.43598,25.90792,22.86726
71.23689,20.69624,24.10332
70.45106,11.15835,23.17627
71.29404,2.24051,23.17627
71.01268,-6.71268,23.17627
71.46769,-15.97496,23.79431
70.69164,-25.45053,24.41234
71.18139,-36.26875,25.95743
64.63134,-46.95744,25.95743
59.92544,-52.83137,25.95743
51.57349,-58.49863,25.33939
46.50786,-68.43423,26.88448
35.83696,-70.33399,25.64841
28.02786,-77.85026,26.88448
19.63103,-76.45771,25.64841
10.13190,-80.20235,26.26644
-0.00000,-79.88875,25.95743
-9.77432,-77.37168,25.33939
-19.86752,-77.37890,25.95743
-30.45933,-76.93149,26.88448
-39.40304,-71.67387,26.57546
-45.97328,-67.64763,26.57546
-55.97610,-63.49242,27.50251
-60.63882,-53.46032,26.26644
-67.64763,-45.97327,26.57546
-71.18140,-36.26873,25.95743
-76.04721,-30.10922,26.57546
-78.30006,-20.10404,26.26644
-78.90519,-12.49735,25.95743
-79.84933,-2.50936,25.95743
-82.37470,7.78669,26.88448
-79.82106,17.84213,26.57546
-75.97871,24.68698,25.95743
-72.28550,34.01496,25.95743
-69.05830,43.82573,26.57546
-63.87598,49.54728,26.26644
-58.50737,58.50737,26.88448
-50.13019,64.62746,26.57546
-42.11905,71.21944,26.88448
-34.82484,74.00658,26.57546
-25.86255,79.59674,27.19349
-18.04961,80.74921,26.88448
-7.60771,80.48103,26.26644
2.56910,81.75049,26.57546
10.60870,83.97658,27.50251
20.81359,81.06360,27.19349
27.70565,76.95545,26.57546
37.99582,74.57098,27.19349
46.50784,68.43423,26.88448
54.08925,61.35223,26.57546
63.49242,55.97610,27.50251
68.47847,49.75249,27.50251
72.50729,39.86124,26.88448
75.93677,32.86079,26.88448
79.45653,23.08426,26.88448
83.60192,13.24125,27.50251
85.42618,5.37456,27.81153
84.47700,-5.31485,27.50251
82.60551,-18.46457,27.50251
79.63995,-28.67212,27.50251
75.72768,-35.63471,27.19349
70.66430,-44.84495,27.19349
63.75372,-52.74170,26.88448
61.86986,-61.86985,28.42956
51.29602,-66.13042,27.19349
43.08732,-72.85667,27.50251
34.74932,-80.30096,28.42956
29.09537,-89.54634,30.59268
18.53390,-97.15790,32.13776
6.50922,-103.46059,33.68285
-3.14814,-100.17550,34.51022
-17.00984,-107.39593,37.44033
-35.64612,-109.70746,39.71931
-46.93883,-108.46925,40.69602
-66.36906,-104.58092,42.64943
-79.97306,-103.10065,44.92840
-106.30462,-106.30461,51.76534
-106.83617,-82.87063,46.55624
-118.00790,-69.78967,47.20738
-124.95657,-54.07354,46.88181
-129.49077,-42.07410,46.88181
-134.67177,-25.69002,47.20738
-135.55042,-12.81328,46.88181
-137.03253,4.30641,47.20738
-154.08981,24.40543,53.71874
-132.56441,38.51353,47.53295
-130.10988,51.51416,48.18409
-121.79892,66.95951,47.85852
-112.44624,81.69701,47.85852
-104.96810,92.54182,48.18409
-92.54185,104.96808,48.18409
-81.69698,112.44626,47.85852
-68.32604,124.28462,48.83522
-51.16608,129.23076,47.85852
-39.04108,134.38037,48.18409
-22.03884,139.14777,48.50965
-8.78669,139.66060,48.18409
8.78668,139.66060,48.18409
26.22149,137.45807,48.18409
39.04110,134.38037,48.18409
55.57558,128.42760,48.18409
67.41504,122.62749,48.18409
82.25275,113.21118,48.18409
92.54181,104.96810,48.18409
105.67734,93.16712,48.50965
115.73893,78.65614,48.18409
122.62749,67.41506,48.18409
130.10989,51.51411,48.18409
134.38036,39.04112,48.18409
152.22205,24.10961,53.06761
141.54790,8.90544,48.83522
140.60426,-8.84608,48.50965
140.08163,-22.18676,48.83522
135.28836,-39.30485,48.50965
130.98901,-51.86224,48.50965
123.45605,-67.87057,48.50965
115.73897,-78.65609,48.18409
106.38660,-93.79237,48.83522
93.16712,-105.67733,48.50965
82.80853,-113.97613,48.50965
67.87055,-123.45606,48.50965
55.95109,-129.29535,48.50965
39.30489,-135.28835,48.50965
26.39876,-138.38684,48.50965
8.90549,-141.54791,48.83522
-8.78670,-139.66060,48.18409
-21.89093,-138.21388,48.18409
-39.30490,-135.28835,48.50965
-55.57558,-128.42760,48.18409
-71.71490,-121.26328,48.50965
-82.80852,-113.97614,48.50965
-96.44054,-102.69875,48.50965
-107.09582,-94.41766,49.16079
-117.30299,-79.71902,48.83522
-125.11318,-68.78156,49.16079
-132.74724,-52.55835,49.16079
-137.10426,-39.83249,49.16079
-155.02368,-24.55334,54.04431
-143.43521,-9.02419,49.48636
-142.49155,8.96480,49.16079
-162.49471,25.73663,56.64886
-137.10426,39.83248,49.16079
-132.74724,52.55836,49.16079
-141.68446,77.89168,55.67215
-118.86703,80.78197,49.48636
-106.38659,93.79239,48.83522
-94.41769,107.09580,49.16079
-83.36427,114.74109,48.83522
-68.78154,125.11318,49.16079
-52.21029,131.86812,48.83522
-39.30487,135.28835,48.50965
-22.18675,140.08163,48.83522
-8.90543,141.54790,48.83522
8.90542,141.54790,48.83522
22.18677,140.08162,48.83522
39.56868,136.19632,48.83522
52.55835,132.74724,49.16079
68.78156,125.11318,49.16079
83.92004,115.50600,49.16079
94.41765,107.09583,49.16079
107.09582,94.41768,49.16079
115.50603,83.92001,49.16079
125.11317,68.78158,49.16079
131.03082,56.70213,49.16079
137.10426,39.83249,49.16079
139.31561,26.57588,48.83522
141.54790,8.90544,48.83522
143.43521,-9.02418,49.48636
139.31563,-26.57582,48.83522
136.19633,-39.56864,48.83522
130.16309,-56.32662,48.83522
125.11317,-68.78158,49.16079
115.50599,-83.92006,49.16079
107.09583,-94.41765,49.16079
94.41768,-107.09581,49.16079
83.36428,-114.74107,48.83522
68.78156,-125.11318,49.16079
56.70211,-131.03085,49.16079
39.56868,-136.19632,48.83522
26.57593,-139.31560,48.83522